State,District,2000 - 2001,2001 - 2002,2002 - 2003,2003 - 2004,2004 - 2005,2005 - 2006,2006 - 2007,2007 - 2008,2008 - 2009,2009 - 2010,2010 - 2011,2011 - 2012,2012 - 2013,2013 - 2014,2014 - 2015,2015 - 2016,2016 - 2017,2017 - 2018,2018 - 2019,2019 - 2020,2020 - 2021,2021 - 2022,2022 - 2023
Andaman and Nicobar Islands,North and middle andaman,2.82,2.69,,,,,2.77,,,,2.27,1.75,1.75,2.09,1.91,2.21,2.02,1.93,2.02,2.94,0.53,0.36,1.94
Andhra Pradesh,Alluri sitharama raju,,,,,,,,,,,,,,,,,,,,,,,2.36
Andhra Pradesh,Anakapalli,,,,,,,,,,,,,,,,,,,,,,,2.69
Andhra Pradesh,Anantapur,1.6,1.7,0.97,0.96,1.33,1.54,1.02,1.71,1.6,1.55,1.42,1.31,1.29,1.23,1.13,0.88,0.84,1.11,0.66,1.1,1.27,0.83,1.96
Andhra Pradesh,Annamayya,,,,,,,,,,,,,,,,,,,,,,0.96,2.92
Andhra Pradesh,Bapatla,,,,,,,,,,,,,,,,,,,,,,,5.01
Andhra Pradesh,Chittoor,1.91,2.07,1.79,1.32,1.7,2.2,1.96,2.18,2.34,2.2,2.25,2.41,2.52,2.5,2.31,3,2.49,2.7,1.67,2.13,2.72,2.87,2.17
Andhra Pradesh,East godavari,2.62,2.62,2.62,3.18,3.12,2.42,2.85,2.96,3.19,3.04,2.88,3.04,2.59,2.86,3.74,3.52,3.82,4.08,4.22,4.11,3.51,3.31,4.71
Andhra Pradesh,Eluru,,,,,,,,,,,,,,,,,,,,,,,5.44
Andhra Pradesh,Guntur,2.2,2.41,1.85,1.88,3.03,2.78,2.57,3.23,4.33,3.49,3.46,4.08,3.94,3.71,4.28,2.92,3.14,4.22,3.74,4.3,3.62,3.39,5.84
Andhra Pradesh,Kadapa,1.85,1.86,0.87,1.2,1.74,1.68,1.2,1.89,1.41,1.53,1.36,1.47,0.84,1.92,1.73,1.49,1.31,1.47,1.08,1.68,1.47,1.37,1.79
Andhra Pradesh,Kakinada,,,,,,,,,,,,,,,,,,,,,,,3.76
Andhra Pradesh,Konaseema,,,,,,,,,,,,,,,,,,,,,,,4.62
Andhra Pradesh,Krishna,2.62,2.45,2.13,1.61,2.38,2.58,2.2,2.96,3.29,3.12,2.56,2.76,2.77,2.98,2.88,2.69,2.75,3.14,3.25,3.34,3.05,2.78,3.05
Andhra Pradesh,Kurnool,1.58,1.47,1.2,1.28,1.75,2.21,1.54,2.22,2.15,1.9,1.75,1.78,1.97,2.39,2.28,1.41,1.85,2.11,1.66,2.28,2.03,2.01,2.07
Andhra Pradesh,Nandyal,,,,,,,,,,,,,,,,,,,,,,,2.9
Andhra Pradesh,Palnadu,,,,,,,,,,,,,,,,,,,,,,,3.36
Andhra Pradesh,Parvathipuram manyam,,,,,,,,,,,,,,,,,,,,,,,3.12
Andhra Pradesh,Prakasam,1.89,2.19,1,1.35,1.68,2.07,2.21,1.94,2.22,2.47,2.03,2.3,2.11,2.83,2.66,1.85,1.43,1.62,1.13,1.87,1.67,1.78,1.32
Andhra Pradesh,Spsr nellore,2.47,2.79,2.51,2.35,3.09,3.32,3.12,3.14,3.5,3.36,3.18,3.45,3.59,3.76,3.61,3.74,3.77,4.21,3.66,3.82,3.52,3.9,4.06
Andhra Pradesh,Sri sathya sai,,,,,,,,,,,,,,,,,,,,,,,1.34
Andhra Pradesh,Srikakulam,1.52,1.65,1.32,1.69,1.79,1.34,1.86,2.23,1.63,1.64,0.94,1.72,2.06,1.55,1.87,2.01,2.36,2.19,1.93,2.77,2.4,2.42,3.22
Andhra Pradesh,Tirupati,,,,,,,,,,,,,,,,,,,,,,,3.79
Andhra Pradesh,Vizianagaram,1.32,1.44,1,1.6,1.74,1.25,1.87,2.19,1.94,1.82,2.1,2.01,2.3,2.34,2.61,2.8,2.85,3.11,2.73,3.39,3.01,2.99,3.81
Andhra Pradesh,West godavari,3.49,3.55,3.38,3.99,3.9,3.14,3.66,3.82,3.9,3.54,3.52,3.48,3.3,3.54,4.16,4.06,4.43,4.32,4.55,4.88,4.25,4.27,4.55
Arunachal Pradesh,Anjaw,,,,,0.81,1.18,0.92,0.85,0.89,0.88,1.07,1.05,0.89,0.89,1.16,1.16,1.14,1.31,1.32,1.35,1.38,1.47,1.38
Arunachal Pradesh,Changlang,1.29,1.3,1.34,1.47,1.47,1.45,1.57,1.63,1.91,1.69,1.75,1.88,1.84,1.79,1.94,1.9,1.86,1.87,1.87,1.89,1.9,2.09,1.91
Arunachal Pradesh,Dibang valley,1.32,0.82,0.73,1.02,1,0.93,0.97,0.9,0.91,0.91,1.07,1.14,1.14,1.17,1.17,1.16,1.11,1.16,1.18,1.23,1.26,1.3,1.26
Arunachal Pradesh,East kameng,1.29,1.43,1.33,1.26,0.96,0.61,0.79,0.95,0.95,0.96,0.98,1.04,1.07,1.1,1.17,1.29,1.25,1.3,1.3,1.32,1.33,1.35,1.35
Arunachal Pradesh,East siang,1.57,0.93,1.99,2.12,1.46,1.57,1.6,1.53,1.59,1.61,1.71,1.82,1.65,1.64,1.71,1.7,1.74,1.81,1.77,1.78,1.79,1.85,1.81
Arunachal Pradesh,Kamle,,,,,,,,,,,,,,,,,,,2.07,2.12,2.14,2.18,1.89
Arunachal Pradesh,Kra daadi,,,,,,,,,,,,,,,,3.06,1.18,1.34,1.4,1.61,1.71,1.85,1.68
Arunachal Pradesh,Kurung kumey,,,1.19,0.93,1.19,1.2,0.98,0.94,0.94,0.94,1.38,1.46,1.45,1.28,1.2,3.17,1.15,1.32,1.39,1.62,1.72,1.86,1.72
Arunachal Pradesh,Lohit,0.99,1.29,1,1.26,1.18,1.28,1.53,1.38,1.47,1.47,1.5,1.58,1.58,1.51,1.61,1.59,1.58,1.61,1.62,1.64,1.65,1.65,1.66
Arunachal Pradesh,Longding,,,,,,,,,,,,,,1.3,1.39,1.45,1.6,1.62,1.63,1.66,1.68,1.96,1.69
Arunachal Pradesh,Lower dibang valley,,,1.44,1.33,1.53,1.54,1.27,1.22,1.23,0.99,1.22,1.29,1.26,1.15,1.23,1.29,1.35,1.4,1.41,1.42,1.43,1.49,1.49
Arunachal Pradesh,Lower siang,,,,,,,,,,,,,,,,,,,1.41,1.43,1.44,1.56,1.46
Arunachal Pradesh,Lower subansiri,1.04,1.01,1.19,1.23,1.22,1.27,1.29,1.18,1.18,1.19,1.29,0.39,1.65,1.68,1.85,1.85,2,2.01,1.79,1.82,1.84,2.03,1.82
Arunachal Pradesh,Namsai,,,,,,,,,,,,,,,,1.7,1.77,1.76,1.76,1.78,1.78,1.77,1.78
Arunachal Pradesh,Pakke kessang,,,,,,,,,,,,,,,,,,,,1.32,1.35,1.36,1.36
Arunachal Pradesh,Papum pare,1.08,1.09,1.1,1.2,1.19,1.28,1.54,1.57,1.62,1.77,1.65,1.76,1.73,1.89,2.03,1.97,1.88,1.88,1.89,1.9,1.92,1.95,1.92
Arunachal Pradesh,Shi yomi,,,,,,,,,,,,,,,,,,,,1.55,1.59,1.67,1.64
Arunachal Pradesh,Siang,,,,,,,,,,,,,,,,1.38,1.47,1.49,1.91,1.93,1.94,2.06,1.9
Arunachal Pradesh,Tawang,1.48,1.41,1.44,1.49,1.51,1.5,1.52,1.52,1.51,1.45,1.45,1.57,1.45,1.42,1.64,1.67,1.62,1.65,1.66,1.71,1.74,1.94,1.72
Arunachal Pradesh,Tirap,0.72,1.33,0.69,0.84,0.71,0.78,0.83,0.84,0.78,0.72,0.84,0.9,1.17,1.28,1.16,1.18,1.14,1.17,1.18,1.21,1.22,1.31,1.23
Arunachal Pradesh,Upper siang,0.75,1.28,0.97,0.97,1.32,1.32,1.34,1.19,1.08,1.09,1.09,1.17,1.17,1.22,1.27,1.46,1.62,1.63,1.64,1.66,1.67,1.8,1.69
Arunachal Pradesh,Upper subansiri,1.05,0.89,1.18,1.26,1.26,1.24,0.99,1.85,1.27,1.22,1.31,1.4,1.33,1.65,1.71,1.71,1.76,1.78,1.79,1.82,1.84,1.95,1.81
Arunachal Pradesh,West kameng,1.3,1.36,1.39,1.3,1.29,1.28,1.29,1.33,1.37,1.33,1.34,1.4,1.38,1.39,1.52,1.55,1.47,1.48,1.5,1.54,1.56,1.69,1.57
Arunachal Pradesh,West siang,1.11,1.1,1.1,1.13,0.83,0.98,0.91,0.92,0.93,0.88,0.94,1,0.99,1,1.04,1.17,1.2,1.44,1.53,1.55,1.56,1.66,1.62
Assam,Baksa,,,,,,1.24,1.24,1.19,1.67,1.54,1.53,1.69,1.73,1.82,2.13,2.03,1.82,2.15,2.06,1.94,1.89,2.08,2.47
Assam,Barpeta,1.18,1.08,0.98,1.14,0.8,1.08,0.99,1.12,1.29,1.46,1.8,1.76,2,2.06,1.81,1.68,1.9,2.19,2.19,2.25,2.17,2.32,2.64
Assam,Biswanath,,,,,,,,,,,,,,,,,,,,,1.85,1.67,2.45
Assam,Bongaigaon,1.02,1.07,1.14,1.12,1.04,1.09,0.93,1.05,1.18,1.14,1.53,1.49,1.65,1.98,2.05,1.68,1.98,1.91,1.64,1.5,1.8,1.82,2.65
Assam,Cachar,2.11,2.13,2.02,2.13,1.55,1.92,1.58,0.97,2.09,2.04,2.14,1.92,2.16,1.81,2.26,2.03,1.92,1.57,2.2,2.22,2.23,2.2,2.02
Assam,Charaideo,,,,,,,,,,,,,,,,,,,,,1.95,1.73,2.53
Assam,Chirang,,,,,,1.08,1.18,0.96,0.94,1.29,1.42,1.15,1.4,1.54,1.54,1.63,1.58,1.63,1.52,1.68,1.83,1.65,2.57
Assam,Darrang,1.2,1.34,1.15,1.32,1.04,1.36,1.3,1.56,1.72,1.56,2.1,2.13,2.19,2.31,2.41,2.51,2.37,2.46,2.81,2.94,2.98,2.55,3.65
Assam,Dhemaji,1.37,1.24,1.07,1.02,1.05,1.07,1.18,1.25,1.02,1.28,1.27,1.35,1.58,1.56,1.53,1.45,1.41,1.6,1.23,1.25,1.47,1.52,2.15
Assam,Dhubri,1.38,1.36,1.39,1.42,1.38,1.39,1.57,1.67,1.62,1.56,2.19,2.22,2.46,2.54,2.54,2.5,2.79,2.3,2.38,2.46,2.61,1.79,2.87
Assam,Dibrugarh,1.7,1.49,1.41,1.76,1.76,1.57,1.54,1.58,1.91,2.05,2.13,1.35,2.06,1.89,1.72,1.92,1.92,2.07,1.87,1.79,2.16,1.51,2.73
Assam,Dima hasao,1.45,1.55,1.53,1.4,1.66,1.53,1.24,1.69,1.62,1.61,1.32,2.08,1.98,2.15,2.47,1.99,1.93,1.87,1.94,1.95,2.11,1.88,2.02
Assam,Goalpara,1.56,1.5,1.54,1.38,1.41,1.42,1.35,1.52,1.72,1.65,2.22,1.79,2.11,2.35,2.15,2.08,2.17,2.56,2.62,2.32,2.37,2.01,2.83
Assam,Golaghat,1.88,1.88,1.92,2.08,1.94,1.82,1.55,1.85,1.9,2.03,2.2,2.1,2.31,2.35,2.21,2.15,2.02,2.17,2.18,2.19,2.06,1.01,2.71
Assam,Hailakandi,1.75,1.91,2.02,2.15,2.02,1.88,1.88,1.89,2.3,2.47,2.24,2.18,2.41,2.4,2.74,2.34,2.11,2.12,2.28,2.6,2.4,1.63,2.62
Assam,Hojai,,,,,,,,,,,,,,,,,,,,,2.91,2.29,3.37
Assam,Jorhat,1.75,1.56,1.45,1.62,1.59,1.48,1.12,1.29,1.55,1.84,1.8,1.69,2.07,1.89,1.82,2,1.97,2.1,2.33,2.31,2.1,1.38,2.88
Assam,Kamrup,1.44,1.44,1.36,1.49,1.44,1.61,1.49,1.78,1.8,1.86,2.27,1.86,1.96,2.18,2.23,2.41,2.24,2.31,2.58,2.43,2.26,1.75,2.86
Assam,Kamrup metro,,,,,,1.76,1.57,1.8,1.75,1.99,2.36,2.15,2.28,2.34,2.18,2.3,2.57,2.68,2.74,1.94,2.28,1.79,2.89
Assam,Karbi anglong,1.38,1.33,1.41,1.32,1.4,1.38,1.37,1.47,1.43,1.88,1.77,1.37,1.48,1.69,1.81,1.68,1.84,1.88,1.94,1.94,2,1.82,2.42
Assam,Karimganj,2.11,2.21,2.15,1.9,1.82,1.58,1.92,1.54,2.37,2.33,2.04,2.68,1.95,1.98,1.85,1.63,1.91,2.1,2.09,1.94,1.99,2,2.01
Assam,Kokrajhar,1.12,1.05,1.28,1.23,1.18,1.14,1.12,1.18,1.16,1.49,1.69,1.69,1.62,1.99,1.92,1.64,1.77,1.73,2.01,1.86,2.03,1.55,2.09
Assam,Lakhimpur,1.01,0.99,0.89,0.95,1.09,1.02,0.69,0.74,0.6,1.28,1.72,1.7,2.11,1.82,2.06,2,1.84,1.78,2.06,1.62,1.78,1.66,1.92
Assam,Majuli,,,,,,,,,,,,,,,,,,,,,2.1,1.42,2.19
Assam,Marigaon,1.92,1.63,1.49,1.43,1.35,1.44,1.21,1.33,1.76,1.82,2.01,2.18,2.29,2.65,2.32,2.29,2.29,2.36,2.28,2.24,2.31,2.25,2.87
Assam,Nagaon,1.71,1.68,1.62,1.74,1.64,1.52,1.54,1.59,1.57,2.02,1.86,1.64,2.01,2.16,1.99,2.25,2.29,2.43,2.5,2.17,2.1,2.08,2.57
Assam,Nalbari,1.09,1.11,1.16,1.24,1.15,1.24,1.29,1.57,1.69,1.68,2.14,1.73,1.99,1.88,2.31,2.1,2.26,2.83,2.81,2.7,2.66,2.16,2.67
Assam,Sivasagar,1.86,1.99,1.86,2.22,2.22,1.82,1.49,1.69,2.43,2.34,2.38,2.2,2.46,2.14,2.1,2.02,1.97,2.09,1.94,2.04,1.95,1.54,2.63
Assam,Sonitpur,1.31,1.16,1.27,1.43,1.34,1.35,1,1.3,1.43,1.51,2.08,1.75,2.08,1.99,2.14,2.14,2.05,2.11,2.03,2.08,2.17,1.78,2.84
Assam,Tinsukia,1.41,1.62,1.18,1.36,1.46,1.3,1.23,1.35,1.39,1.41,1.94,1.77,1.58,1.69,1.64,1.77,1.57,1.57,1.6,1.58,1.68,1.24,1.76
Assam,Udalguri,,,,,,1.08,0.78,1.2,1.21,1.07,1.25,1.37,1.67,1.42,1.72,1.88,1.86,2.05,2.34,2.55,2.47,2.13,2.55
Assam,West karbi anglong,,,,,,,,,,,,,,,,,,,,,2.13,1.98,2.42
Bihar,Araria,1.33,1.37,1.22,1.25,0.79,0.92,1.11,1.21,1.43,1.48,1.83,2.27,2.85,3.28,2.37,2.66,2.94,2.33,3.79,4.44,4.76,4.28,7.04
Bihar,Arwal,,,,1.9,1.05,1.6,,1.86,1.65,1.45,1.68,2.7,2.71,2.49,3.29,2.57,3.09,3.21,2.77,2.66,2.82,3.19,2.83
Bihar,Aurangabad,1.77,1.87,1.77,1.72,1.14,1.17,2.23,2.13,1.24,1.32,1.49,2.72,2.73,3.05,2.9,2.81,2.91,3.03,2.63,2.53,2.91,3.07,2.84
Bihar,Banka,1.21,1.35,1.37,1.52,1.34,1.31,2.25,2.36,2.27,2.01,1.99,3.59,2.92,2.88,3.03,3.15,3.07,3.21,1.76,2.14,2.66,2.33,2.32
Bihar,Begusarai,1.84,1.78,1.53,1.84,1.5,1.6,1.96,1.65,1.62,1.2,2.05,2.74,2.77,2.44,1.77,2.11,3.61,2.77,3.3,3.92,3.71,3.64,3.84
Bihar,Bhagalpur,1.68,1.72,1.43,1.57,1.26,1.32,1.99,1.61,1.73,1.73,2.28,3.32,3.33,3.47,2.23,3.35,2.89,3.48,2.97,2.9,3.13,3.13,2.95
Bihar,Bhojpur,2.24,2.16,1.8,2.09,0.88,2.22,2.34,2.59,2.58,2.1,2.15,2.93,2.92,2.63,2.28,2.73,2.65,3.38,2.96,2.69,3.25,2.88,3.17
Bihar,Buxar,2.46,2.26,2.33,2.3,1.12,2.02,1.98,2.71,2.48,1.84,2.33,3.1,2.93,2.89,2.05,2.76,3.18,3.33,2.69,2.84,3.17,3.47,3.39
Bihar,Darbhanga,1.2,1.01,1.08,1.15,1,1.13,1.4,1.49,1.75,1.58,1.68,2.58,2.11,2.02,1.7,2.22,2.47,2.24,1.9,1.8,1.75,1.8,2.06
Bihar,Gaya,1.58,1.88,1.66,1.6,0.64,0.8,1.74,2.14,1.84,1.61,1.6,2.84,2.89,1.86,2.69,2.35,2.89,3.09,1.95,1.7,2.54,2.9,2.54
Bihar,Gopalganj,1.85,2.25,1.47,1.88,1.42,1.12,1.86,1.39,1.4,1.52,2.14,2.62,2.91,2.37,1.61,1.6,2.48,2.19,2.12,2.65,2.33,2.71,2.63
Bihar,Jamui,1.09,1.02,1.23,1.18,0.63,0.58,1.62,1.89,1.49,0.98,0.73,2.14,1.52,1.8,1.77,1.71,2.6,2.4,1.52,1.85,1.94,1.92,1.92
Bihar,Jehanabad,1.52,1.85,1.71,1.84,0.93,1.03,1.8,1.81,2.18,1.63,1.6,2.82,3.29,2.51,2.74,2.32,2.29,2.67,2.46,2.32,2.81,2.82,2.82
Bihar,Kaimur (bhabua),2.01,2.34,2.46,2.6,1.44,1.95,2.12,2.17,1.91,1.57,1.95,3.12,3.1,2.67,2.45,2.37,2.38,2.9,2.86,2.83,3.1,3.55,3.52
Bihar,Katihar,1.61,1.56,1.43,1.37,1.25,1.36,1.73,1.47,1.78,1.99,2.37,2.6,3.66,3.81,3.28,3.52,5.57,5.11,3.95,4.16,4.64,4.75,5.78
Bihar,Khagaria,2.07,1.85,1.3,1.99,1.85,2.19,2.52,2.64,1.89,2.42,2.3,3.64,2.77,2.62,2.42,2.61,4.45,3.88,3.4,3.63,3.8,4.03,4.7
Bihar,Kishanganj,1.21,1.13,1.19,1.24,0.83,0.91,1.07,0.81,1.12,0.85,1.09,1.99,1.5,2.47,2.47,1.87,2.19,1.85,1.72,1.87,1.97,2.54,3.33
Bihar,Lakhisarai,1.66,1.29,1.6,1.57,0.84,1.17,2.05,2.48,1.72,1.51,1.45,2.11,2.49,2.59,2.34,2.57,2.89,2.89,2.48,2.42,3.09,2.75,3.15
Bihar,Madhepura,2.02,1.71,1.79,1.78,1.83,1.5,1.57,1.91,1.75,1.71,1.54,2.96,3.18,2.67,2.8,2.33,3.08,2.69,3.61,3.38,3.04,3.14,3.36
Bihar,Madhubani,1.21,1.05,0.93,0.9,0.49,0.55,1.09,0.92,1.25,1.63,1.17,1.75,1.41,1.31,1.29,1.14,1.73,1.65,1.36,1.42,1.53,1.72,1.67
Bihar,Munger,1.55,1.48,1.23,1.58,1.61,1.41,1.9,1.9,1.59,1.48,1.04,2.24,2.65,2.49,2.32,2.24,2.77,2.74,1.84,2.27,2.98,2.87,2.9
Bihar,Muzaffarpur,1.53,1.65,1.35,1.23,0.98,1.07,1.17,1.1,1.54,0.97,1.41,2.78,2.43,1.95,2.03,1.29,1.8,1.77,2,1.99,1.97,1.93,2.24
Bihar,Nalanda,1.35,1.54,1.3,1.19,0.53,0.94,2.01,1.55,1.42,1.25,1.56,2.61,2.53,2.43,2.2,2.57,2.94,2.98,2.5,2.16,2.84,2.83,3.08
Bihar,Nawada,1.26,1.62,1.62,1.66,0.69,0.93,1.98,2.15,1.98,1.49,1.56,2.64,2.59,2.11,2.45,2.26,3,3.03,2,2.26,2.9,2.71,2.97
Bihar,Pashchim champaran,2.26,1.97,1.92,1.51,1.27,1.19,1.29,1.28,2.22,1.62,1.71,2.59,2.27,2.33,2,1.97,2.04,1.88,2.12,2.64,3.93,3.09,2.56
Bihar,Patna,2.04,1.85,1.98,2.07,1.17,1.68,1.62,1.48,1.71,1.53,1.67,2.72,2.84,2.4,2.4,2.27,2.62,2.9,2.6,2.21,2.8,2.78,2.84
Bihar,Purbi champaran,1.62,1.63,1.57,1.6,1.22,1.09,1.15,1.17,1.4,0.62,1.68,2.56,2.29,1.81,1.38,0.94,2.12,1.88,1.8,1.76,1.73,2.17,2.21
Bihar,Purnia,1.7,1.46,1.35,1.54,1.14,1.15,1.48,1.54,1.72,1.92,1.65,2.2,2.39,2.22,2,2.8,3.28,2.85,4.01,3.78,5.07,4.75,5.23
Bihar,Rohtas,2.28,2.23,2.33,2.46,2.25,2.27,2.53,2.61,2.59,2.39,2.16,3.51,3.56,3.42,3.22,3.16,3.23,3.57,3.84,3.62,3.96,4.01,4.04
Bihar,Saharsa,1.93,1.45,1.54,1.54,1.42,1.29,1.58,1.69,1.55,1.7,2.3,2.87,2.65,2.5,2.17,2.12,2.52,2.5,2.24,2.2,2.3,2.33,2.37
Bihar,Samastipur,1.58,1.68,1.36,1.15,1.25,1.18,1.96,1.64,2.2,1.76,2.07,2.57,2.59,2.37,2.16,2.02,3.32,3.65,2.73,2.82,2.83,2.77,3.24
Bihar,Saran,1.87,1.82,1.58,1.98,1.57,1.54,1.74,1.93,1.89,1.71,2,2.52,2.54,2.57,2.23,1.86,2.97,2.64,2.13,2.79,2.85,3.03,3.32
Bihar,Sheikhpura,1.52,1.49,1.73,1.46,0.96,1.24,2.07,1.79,2.03,1.75,1.23,2.36,2.67,2.43,2.8,3,2.41,2.39,1.6,1.65,2.22,1.78,2.28
Bihar,Sheohar,1.57,1.58,1.43,0.92,0.85,0.6,0.9,0.9,1.25,1.14,1.22,2.74,2.23,1.92,1.66,1.05,1.96,2.2,2.15,2.01,2.15,2.15,2.57
Bihar,Sitamarhi,1.34,1.54,1.28,1.34,0.93,0.77,1.13,1.28,1.66,1.32,0.96,2.09,2.46,1.91,1.43,2.05,2.58,2.36,2.63,2.55,2.18,2.16,2.22
Bihar,Siwan,1.64,1.68,1.62,1.64,1.47,1.31,1.73,1.62,1.66,1.43,1.53,2.44,2.67,2.38,2.01,1.83,2.61,2.31,1.91,1.94,2.04,2.41,2.76
Bihar,Supaul,1.21,1.29,1.3,1.23,1.28,1.1,1.47,1.46,1.42,1.34,1.44,1.69,1.8,2.07,1.71,1.73,2.05,1.97,2.16,2.25,2.07,2.41,2.68
Bihar,Vaishali,1.83,1.78,1.75,0.99,1.31,1.39,1.53,1.48,2.06,1.71,2.07,2.87,2.76,2.81,2.48,2.03,2.89,2.75,2.06,2.33,2.48,2.56,2.83
Chandigarh,Chandigarh,4.02,3.94,4.28,4.35,3.95,4.54,4.61,4.61,4.3,4.41,4.45,4.47,4.44,4.46,4.45,4.53,4.71,4.71,5.01,4.61,5.04,5.03,5.03
Chhattisgarh,Balod,,,,,,,,,,,,1.5,1.6,1.31,1.61,0.96,2.2,1.21,1.45,1.87,2.95,2.63,2.7
Chhattisgarh,Baloda bazar,,,,,,,,,,,,1.07,1.53,1.32,1.54,1.28,1.8,1.19,1.29,1.65,2.57,2.5,2.65
Chhattisgarh,Balrampur,,,,,,,,,,,,1.12,1.62,1.44,1.51,1.09,1.72,1.59,1.55,1.79,2.14,2.18,2.46
Chhattisgarh,Bastar,0.77,1.26,0.5,1.47,1.13,1.18,1.22,1.31,1.07,1.09,1.53,1.02,1.64,1.54,1.66,0.84,1.97,1.33,1.6,1.94,1.89,1.66,2.62
Chhattisgarh,Bemetara,,,,,,,,,,,,1.35,1.34,1.13,1.35,1.09,1.62,1.02,1.25,1.01,1.81,1.79,2.39
Chhattisgarh,Bijapur,,,,,,,0,1.26,0.67,1.1,2.03,1.38,1.84,1.57,1.82,0.92,1.74,1.3,1.34,1.61,1.66,1.45,2.28
Chhattisgarh,Bilaspur,0.6,1.19,0.66,1.34,1.13,1.3,1.22,1.25,1.13,0.98,1.43,1.64,1.75,1.83,1.86,1.1,2.19,1.11,1.81,2.1,2.54,2.46,3.3
Chhattisgarh,Dantewada,0.7,1.04,0.49,1.1,0.84,0.67,1.32,1.1,0.86,0.58,1.48,0.99,1.79,1.29,1.42,0.6,1.37,0.64,1.1,1.34,1.38,1.28,1.77
Chhattisgarh,Dhamtari,0.9,1.34,1.08,1.33,1.17,1.54,1.79,1.83,1.51,1.58,2.1,2.19,2.42,2.09,2.9,1.7,2.99,1.81,2.22,2.92,2.94,2.58,3.06
Chhattisgarh,Durg,0.49,1.09,0.54,1.27,1,1.23,1.16,1.64,0.94,0.77,1.45,1.65,1.94,1.64,1.66,1.21,2.61,1.22,1.87,2.12,2.15,1.97,2.45
Chhattisgarh,Gariyaband,,,,,,,,,,,,1.05,1.44,1.39,1.59,0.77,2.3,1.31,1.59,2.19,2.12,1.84,2.52
Chhattisgarh,Gaurella-pendra-marwahi,,,,,,,,,,,,,,,,,,,,1.99,1.29,2.31,3.49
Chhattisgarh,Janjgir-champa,0.65,1.43,1.12,1.27,1.15,1.64,1.78,1.96,1.57,2.05,2.41,2.49,2.85,2.73,3.02,2.62,3.2,2.64,2.27,2.98,2.01,3,3.16
Chhattisgarh,Jashpur,0.63,1.07,0.61,1.11,0.85,0.8,0.94,1.1,1.02,0.99,1.25,1.34,1.4,1.41,1.47,0.85,1.07,1.12,0.85,1.02,1.42,1.1,1.58
Chhattisgarh,Kabirdham,0.39,0.81,0.67,0.82,0.63,0.74,0.94,0.83,0.78,0.7,1.15,1.18,1.15,0.97,1.16,0.89,1.1,0.91,0.9,0.84,0.91,0.98,1.57
Chhattisgarh,Kanker,0.71,1.33,0.49,1.64,1.29,1.4,1.5,1.44,1.14,1.12,1.92,1.24,2.21,2.11,2.31,1.13,2.13,1.23,1.44,2.13,2.11,1.61,2.74
Chhattisgarh,Kondagaon,,,,,,,,,,,,1.07,1.58,1.69,1.75,1.16,1.74,1.25,1.42,1.74,1.66,1.54,2.24
Chhattisgarh,Korba,0.54,1.16,0.71,1.1,0.85,1.05,0.8,1,0.91,0.86,1.09,1.25,1.44,1.25,1.37,0.74,1.52,1.26,1.11,1.48,2.38,1.31,2.01
Chhattisgarh,Korea,0.65,1.13,0.55,1.15,0.86,0.73,0.8,0.74,1.02,0.67,0.96,1.24,1.45,1.34,1.5,0.75,1.5,1.05,1.22,1.45,1.94,1.31,1.51
Chhattisgarh,Mahasamund,0.48,1.13,0.45,1.44,1.18,0.93,1.21,1.22,1.06,1.06,1.72,1.35,1.82,1.66,1.78,1.37,1.73,1.4,1.23,1.57,1.63,1.58,2.08
Chhattisgarh,Manendragarh chirimiri bharatpur,,,,,,,,,,,,,,,,,,,,,,,1.4
Chhattisgarh,Mungeli,,,,,,,,,,,,1.46,1.58,1.29,1.39,1.7,1.7,1.32,1.44,1.59,2,1.46,1.86
Chhattisgarh,Narayanpur,,,,,,,0,1.23,1.29,0.94,1.4,0.96,1.24,1.36,1.48,0.64,1.46,0.85,0.97,1.41,1.27,1.21,1.79
Chhattisgarh,Raigarh,0.46,1.14,0.65,1.19,0.93,1.05,1.17,1.17,1.11,1.05,1.27,1.27,1.38,1.18,1.48,1.03,2.11,1.64,1.54,1.97,1.79,1.56,2.53
Chhattisgarh,Raipur,0.41,1.08,0.72,1.22,1.06,1.33,1.3,1.32,1.14,1.31,1.28,1.19,1.87,1.58,1.91,1.48,3.02,1.87,2.13,2.71,2.79,2.82,3.38
Chhattisgarh,Rajnandgaon,0.67,0.9,0.62,1.06,0.86,1.03,1.05,0.9,0.66,0.7,1.3,1.35,1.5,1.24,1.43,0.72,1.61,0.99,1.24,1.32,1.63,1.53,1.67
Chhattisgarh,Sakti,,,,,,,,,,,,,,,,,,,,,,,3
Chhattisgarh,Sarangarh bilaigarh,,,,,,,,,,,,,,,,,,,,,,,2.32
Chhattisgarh,Sukma,,,,,,,,,,,,1.08,1.78,1.94,1.86,1.13,1.55,1.33,1.26,1.55,1.8,1.77,2.72
Chhattisgarh,Surajpur,,,,,,,,,,,,1.21,1.18,1.55,1.62,1.19,1.54,1.35,1.5,1.57,1.58,1.61,2.16
Chhattisgarh,Surguja,0.65,1.05,0.7,1.11,0.92,0.89,0.96,1.09,1.05,0.7,1,1.27,1.55,1.59,1.62,1.35,1.54,1.43,1.27,1.49,1.71,1.63,2.19
Dadra and Nagar Haveli,Dadra and Nagar Haveli,1.55,1.68,1.99,1.55,1.63,2.04,1.9,1.45,1.43,1.01,1.53,1.4,1.57,1.77,1.77,1.76,2.16,1.77,2.08,1.98,,,
Daman and Diu,Daman,,,,,,,,,,,,,,1.8,2.01,1.14,1.29,1.22,1.27,1.27,,,
Daman and Diu,Diu,,,,,,,,,,,,,,1.33,1.67,1.35,1.33,1.33,1.31,1.31,,,
Goa,North goa,,,,,2.89,2.87,2.63,2.42,2.09,1.99,2.23,2.24,2.28,2.56,2.35,2.35,2.47,2.43,2.31,2.17,2.57,2.47,8.65
Goa,South goa,,,,,2.58,2.72,2.18,2.2,2.46,1.97,2.31,2.33,2.49,2.78,2.79,2.63,2.62,2.46,2.63,2.61,2.43,2.68,8.04
Gujarat,Ahmadabad,0.88,1.39,1.06,1.7,1.77,1.86,1.56,1.71,1.45,2.21,2.36,2.3,2.19,2.17,2.12,2.4,2.26,1.98,1.77,2.26,2.28,2.07,2.26
Gujarat,Amreli,0.57,1.66,1.5,1.52,1.67,2.15,2.14,2.8,2.18,1.39,2.96,2.74,1.29,2.53,1.78,2.04,2.01,2.26,1.72,2.9,2.33,2.1,2.29
Gujarat,Anand,,,,1.89,1.91,2.03,1.66,2.24,2.01,2.26,2.21,2.26,2.47,2.57,2.7,2.84,2.76,2.74,2.81,2.33,2.55,2.74,2.77
Gujarat,Aravalli,,,,,,,,,,,,,,,1.74,2.04,1.99,1.96,2.44,2.55,2.16,2.47,2.54
Gujarat,Banas kantha,0.86,1.26,0.7,1.53,1.09,1.28,1,1.52,1.16,1.24,1.82,1.81,1.96,2.11,2.4,2.41,2.13,2.57,2.23,2.47,2.47,2.44,2.49
Gujarat,Bharuch,0.49,0.93,0.91,0.92,0.85,0.94,0.8,1.09,1,0.92,1.2,1.24,1.2,1.04,1.14,1.22,1.1,1.2,1.14,1.14,1.14,1.22,1.23
Gujarat,Bhavnagar,0.54,1.61,1.55,2.01,1.66,2.33,2.33,2.6,2.02,1.58,2.38,2.1,1.55,2.76,2.08,2.13,2.19,2.43,2.27,2.7,2.44,2.48,2.3
Gujarat,Botad,,,,,,,,,,,,,,,3.31,2.7,2.2,2.71,2,2.16,2.21,2.46,2.86
Gujarat,Dang,0.58,0.99,0.68,1.14,1.17,1.33,1.07,1.13,1.13,0.99,1.09,1.27,1.31,1.44,1.08,1.27,1.59,1.39,1.91,1.16,1.49,1.78,1.22
Gujarat,Devbhumi dwarka,,,,,,,,,,,,,,,2.08,0.91,0.97,1.95,0.59,2.93,2.35,2.19,1.8
Gujarat,Gandhinagar,2.08,2.14,2.12,2.06,2.18,2.17,1.97,2.51,2.11,2.06,2.49,2.3,2.6,2.92,2.92,2.82,2.46,2.77,2.83,3.01,2.96,3.05,3.13
Gujarat,Gir somnath,,,,,,,,,,,,,,,1.66,2.26,2,2.38,2.6,3.31,2.67,2.88,2.98
Gujarat,Jamnagar,0.69,1.22,0.52,2.17,1.48,1.71,2.07,2.53,2.14,2.26,2.53,2.27,1.16,2.81,1.11,1.02,1.21,1.8,1.57,2.76,2.49,2.3,2.55
Gujarat,Junagadh,1.25,2.57,1.44,3,2.92,3.2,3.08,3.73,2.76,2.95,3.55,3.17,2.13,3.93,3.51,2.15,2.57,2.55,3.22,3.76,3.04,2.63,2.92
Gujarat,Kachchh,0.44,0.73,0.64,1.06,0.72,0.89,0.95,1.12,0.82,0.98,1.09,0.91,1.51,1.33,1.18,1.15,1.01,1.15,1.34,1.32,1.1,1.21,1.42
Gujarat,Kheda,1.19,1.79,1.58,1.93,1.96,2.02,1.64,2.2,1.84,1.96,2.28,2.26,2.25,2.27,2.4,2.41,2.49,2.55,3.11,2.85,2.82,2.85,2.9
Gujarat,Mahesana,1.21,1.63,1.13,1.46,1.59,1.58,1.46,1.95,1.7,2.02,2.11,2.24,2.44,2.51,2.62,2.66,2.23,2.75,2.93,3.01,2.79,2.56,2.7
Gujarat,Mahisagar,,,,,,,,,,,,,,,1.67,1.39,1.66,1.48,1.7,1.82,1.54,2.06,2.31
Gujarat,Morbi,,,,,,,,,,,,,,,3.6,2.39,3.03,2.76,3.13,3.29,3,2.58,2.71
Gujarat,Narmada,,,,1.21,1.07,1.17,0.9,1.23,1.19,1.01,1.3,1.19,1.22,1.13,1.02,1.05,0.93,1.06,1.21,1.26,1.28,1.33,1.34
Gujarat,Navsari,,,,2.22,2,2.31,2.15,2.31,2.22,2.12,2.35,2.38,2.3,2.42,2.61,2.34,2.52,2.33,2.53,2.46,2.59,2.65,2.78
Gujarat,Panch mahals,0.43,1.21,1.3,1.23,0.86,1.22,0.58,1.3,1.05,0.79,1.27,1.44,1.86,1.68,1.39,1.14,1.63,1.53,1.52,1.76,1.51,1.54,1.77
Gujarat,Patan,,,,1.13,0.98,0.91,0.64,0.93,1.1,1.03,1.56,1.63,1.68,1.68,2.24,2.06,1.45,1.28,1.52,1.81,1.65,1.52,1.73
Gujarat,Porbandar,,,,1.38,1.92,1.75,1.89,1.9,1.42,1.03,2.33,1.73,1.23,2.63,2.18,1.66,1.97,1.93,1.25,2.35,2.3,2.33,2.55
Gujarat,Rajkot,0.63,1.37,0.8,2.61,1.99,2.66,2.55,2.96,2.75,2.34,3.43,3.43,1.81,3.82,3.08,2.76,2.27,3.13,2.25,3.15,2.89,2.74,2.93
Gujarat,Sabar kantha,0.79,1.49,1.02,1.62,1.26,1.95,1.37,1.87,1.64,1.48,2.02,2,2.24,2.32,2.6,2.49,2.26,2.87,2.82,2.96,2.86,2.92,2.81
Gujarat,Surat,1.35,1.51,1.6,1.63,1.5,1.62,1.58,1.58,1.87,2.03,1.85,1.94,2.13,1.9,1.87,1.95,2.04,2.27,2.16,2.05,2.01,2.04,2.06
Gujarat,Surendranagar,1,1.58,0.75,1.65,1.31,1.36,1.55,1.87,1.5,1.38,2.12,2.34,1.7,1.92,2.15,2.12,1.84,2.27,1.63,2.1,2.17,2.24,2.18
Gujarat,Tapi,,,,,,,,,1.29,1.31,1.54,1.64,1.99,2.01,1.9,1.57,2.08,1.95,2.45,2.34,2.52,2.46,2.5
Gujarat,Vadodara,0.51,0.98,1.05,1.17,1.06,1.23,1.09,1.49,1.4,1.22,1.69,1.67,1.8,1.58,1.75,1.94,1.73,1.79,1.96,1.91,1.97,1.98,2.12
Gujarat,Valsad,1.38,1.79,1.48,1.77,1.52,1.61,1.57,1.74,1.72,1.53,1.73,1.82,1.81,1.7,1.69,1.96,2.21,2.1,2.02,1.9,2.05,2.09,2.18
Haryana,Ambala,3.18,3.38,3.21,3.12,3.14,3.49,3.58,3.77,3.44,3.79,3.48,4.34,4.13,4.25,3.61,4.3,4.15,4.25,4,4.07,4.3,4.1,4.14
Haryana,Bhiwani,1.57,1.87,1.64,1.93,1.68,0.61,2.11,2.03,2.26,2.02,2.52,2.66,2.9,2.92,2.77,3.01,3.02,3.02,2.9,2.75,3,2.36,2.85
Haryana,Faridabad,3.19,3.19,3.24,3.18,3.17,3.04,3.21,3.75,3.89,3.32,3.48,3.93,3.7,3.74,2.88,3.77,3.9,3.77,4.24,3.42,2.98,3.07,3.43
Haryana,Fatehabad,3.91,3.78,3.64,3.8,4,3.83,4.42,4.46,4.78,4.17,4.63,4.84,4.46,4.81,4.43,4.35,4.81,4.95,4.8,4.44,4.67,4.38,4.7
Haryana,Gurgaon,2.54,2.59,2.78,2.71,2.65,2.5,3.04,3.06,3.22,3.34,3.5,3.85,3.58,3.47,2.64,3.32,3.48,3.55,3.75,3.97,3.66,3.62,3.46
Haryana,Hisar,3.36,3.19,3.1,2.8,3.19,2.91,3.51,3.26,3.76,3.36,3.59,4.1,3.68,3.79,3.61,3.75,3.87,3.96,3.92,3.63,3.91,3.68,4.01
Haryana,Jhajjar,2.55,2.61,2.57,2.63,2.37,2.43,2.62,2.78,2.76,2.92,3.08,3.4,3.04,3.33,2.92,3.16,3.73,3.34,3.66,3.75,3.49,3.28,3.4
Haryana,Jind,3.27,3.28,3.26,3.25,3.26,3.34,3.46,3.48,3.67,3.54,3.63,4.14,3.65,3.82,3.26,3.2,3.82,4.07,4.17,4.02,4.25,4.06,4.11
Haryana,Kaithal,3.35,3.5,3.42,3.29,3.35,3.65,3.73,3.91,3.67,3.68,3.72,4.2,3.92,4.07,3.75,3.63,4.2,4.34,4.14,4.09,4.48,4.33,4.53
Haryana,Karnal,3.7,3.75,3.51,3.54,3.77,3.71,3.86,4.12,3.66,3.76,3.54,4.36,4.01,4.23,3.63,3.11,4.25,4.36,4.5,4.3,4.82,4.49,4.68
Haryana,Kurukshetra,3.89,3.84,3.89,3.55,3.94,4.14,4.33,4.37,3.85,4.2,3.81,4.55,4.47,4.49,3.76,3.93,4.48,4.48,4.2,4.58,4.82,4.5,4.64
Haryana,Mahendragarh,1.93,2.01,2.16,2.35,1.97,1.88,2.25,2.24,2.53,2.34,2.52,2.79,2.93,3.1,2.46,3.5,2.98,2.36,2.8,2.9,2.95,2.99,2.99
Haryana,Mewat,,,,,,2.38,2.43,2.9,2.93,3.1,3.09,3.28,3.28,3.42,2.7,3.22,3.28,3.49,3.67,3.62,3.4,3.35,3.15
Haryana,Palwal,,,,,,,,,4.02,3.51,3.75,4.12,3.86,3.72,3.04,3.13,3.57,3.77,3.54,3.97,2.84,3.87,3.51
Haryana,Panchkula,2.44,2.6,2.34,2.58,2.42,2.02,2.59,2.58,2.16,2.34,2.52,2.99,2.94,3.38,2.75,4.16,3.6,3.54,3.66,3.69,3.42,3.69,3.33
Haryana,Panipat,3.58,3.38,3.53,3.29,3.36,3.54,3.67,3.52,3.59,3.6,3.5,4.18,3.73,3.8,3.13,4.33,3.9,4.16,4.07,3.93,4.09,3.72,3.77
Haryana,Rewari,2.63,2.68,2.4,2.65,2.75,2.28,2.62,2.65,3.02,2.95,3.11,3.45,3.4,3.43,2.87,3.01,3.33,3.13,3.18,2.94,3.15,2.68,3.01
Haryana,Rohtak,2.58,2.52,2.36,2.64,2.55,2.38,2.79,2.66,2.84,2.73,2.98,3.49,2.73,2.91,2.75,3.01,3.44,3.56,3.68,3.45,3.36,3.56,3.55
Haryana,Sirsa,3.78,3.78,3.67,3.64,3.65,3.3,4.24,4.03,4.54,3.78,4.61,4.35,4.52,4.97,4.42,4.37,4.69,4.58,4.58,4.26,4.3,4.01,4.14
Haryana,Sonipat,2.99,3.21,3.42,2.99,3,3.16,3.6,3.43,3.46,3.31,3.43,4.15,3.57,3.59,3.17,3.53,3.85,3.87,3.71,3.81,4.02,3.69,3.71
Haryana,Yamunanagar,3.25,3.3,3.27,3.17,3.25,3.45,3.8,3.71,3.56,3.83,3.89,4.53,4.12,4.12,3.8,3.67,4.22,4.49,3.93,4.57,4.74,4.47,4.3
Himachal Pradesh,Bilaspur,1.24,2.18,1.33,1.63,2.17,1.01,2.03,1.95,1.31,1.3,1.85,2.05,1.78,1.46,1.59,2.14,1.33,2.2,1.83,2.11,2.13,2.11,1.68
Himachal Pradesh,Chamba,1.49,2.13,1.49,2.04,2.06,1.04,1.92,1.31,1.87,1.82,2.66,2.36,2.57,1.77,2.22,2.98,1.9,2.98,2.37,2.29,1.88,2.71,2.84
Himachal Pradesh,Hamirpur,1.09,1.88,1.29,1.59,1.99,1.22,1.86,1.54,1.2,1.2,1.71,1.8,1.63,1.34,1.46,1.85,1.22,1.85,1.94,2.29,1.48,1.91,1.56
Himachal Pradesh,Kangra,1.13,1.2,1.18,1.54,1.62,1.22,1.53,1.52,1.46,1.25,1.83,1.64,1.89,1.19,1.82,2.06,1.32,2.07,2.08,2.16,1.84,2.29,2.02
Himachal Pradesh,Kinnaur,1.05,1.09,1.01,2.34,2,0.88,1.08,1.39,1.04,0.84,1.25,1.18,1.52,1.11,1.69,1.31,1.01,1.47,0.99,1.13,1.42,1.55,1.09
Himachal Pradesh,Kullu,1.96,2.19,1.18,2.04,1.97,1.7,2.03,2.07,1.74,1.69,2.57,2.2,2.6,1.43,1.97,2.43,1.78,2.44,2.16,2.13,2.13,2.48,2.54
Himachal Pradesh,Lahul and spiti,0.77,1.33,1.14,1.32,1.55,1.3,1.58,1.45,0.96,0.81,1.29,1.36,1.72,0.95,1.76,1.02,0.93,1.02,1.72,1.7,1.39,1.7,1.64
Himachal Pradesh,Mandi,1.52,2.3,1.57,1.99,2.08,1.55,1.97,1.89,1.53,0.59,0.89,1.05,0.97,0.68,0.97,1.37,0.64,1.37,2.13,2.15,2.49,2.76,2.12
Himachal Pradesh,Shimla,1.02,1.53,1.02,1.78,1.73,1.5,1.29,1.58,1.2,1.14,1.62,1.67,1.64,1.36,1.53,2.19,1.21,2.2,2.02,2.01,1.75,2.31,2.07
Himachal Pradesh,Sirmaur,1.68,2.18,1.67,1.92,1.89,1.54,2.19,1.86,1.82,1.59,2.34,2.07,2.33,1.41,2.17,1.97,1.72,1.98,1.83,2.01,2.69,3.4,2.44
Himachal Pradesh,Solan,1.4,1.97,1.47,1.66,1.85,1.56,1.96,1.59,1.86,1.81,0.96,1.32,2.68,1.55,2.5,2.19,1.89,2.19,1.92,2.08,2.71,2.33,2.5
Himachal Pradesh,Una,1.56,1.84,1.68,1.97,2.04,1.26,2.04,1.91,1.66,1.63,2.41,1.83,2.37,1.57,2.11,2.16,1.69,2.16,2.08,2.18,2.15,2.55,2.83
Jammu and Kashmir,Anantnag,1.6,1.29,1.55,1.95,2.01,2.26,2.23,2.21,,1.81,1.87,1.92,1.96,,0.93,2.51,2.46,2.56,2.69,2.8,3,,
Jammu and Kashmir,Badgam,1.28,1.31,1.57,1.68,1.25,1.75,1.86,1.74,0.66,1.99,1.83,1.77,2.27,1.12,0.98,2.16,2.17,2.16,1.81,2.4,2.47,1.28,1.85
Jammu and Kashmir,Bandipora,,,,,,,,2.05,,2.17,2.35,2.14,1.58,0.9,1.05,2.28,2.27,2.67,2.53,2.24,3.05,,
Jammu and Kashmir,Baramulla,1.19,1.15,1.45,1.49,1.43,1.73,1.72,1.81,0.82,1.82,1.63,1.63,1.55,0.81,1.2,2.33,2.02,1.81,2.05,2.41,1.9,,
Jammu and Kashmir,Doda,0.99,1.14,0.64,1.37,0.87,1.1,1.03,1.08,0.49,1.21,0.99,1.32,1.36,0.84,1.06,1.53,1.47,1.49,1.45,1.59,1.3,0.7,2.03
Jammu and Kashmir,Ganderbal,,,,,,,,2.21,,2.16,1.86,2.09,1.55,,1.01,2.2,2.22,2.25,2.35,2.54,3.05,,
Jammu and Kashmir,Jammu,1.23,1.43,1.66,1.86,1.8,1.43,1.8,1.86,2.01,1.35,1.51,1.86,1.8,1.81,1.6,2.29,2.06,2.48,2.27,1.97,1.82,2.57,2.53
Jammu and Kashmir,Kargil,0.61,0.86,0.9,0.8,0.86,,0.58,0.8,0.87,0.76,0.84,0.65,0.64,0.88,,0.64,0.75,0.74,0.76,0.4,,,
Jammu and Kashmir,Kathua,1.25,1.67,1.52,1.77,1.83,1.65,1.8,1.87,1.6,1.16,1.7,1.95,1.63,1.51,1.41,1.71,1.89,2.41,2.51,2.19,2.05,2.06,2
Jammu and Kashmir,Kishtwar,,,,,,,,1.04,0.6,1.4,1.26,0.96,1,0.86,0.46,0.87,1.31,1.19,0.93,1.13,0.72,0.67,0.84
Jammu and Kashmir,Kulgam,,,,,,,,2.31,,2.53,2.56,2.29,2.13,,0.88,1.65,1.69,2.09,3.35,2.2,2.8,0.94,
Jammu and Kashmir,Kupwara,0.86,1.04,1.12,1.12,1.14,1.31,1.32,1.17,,1.12,1.54,1.13,1.35,,0.95,2.53,1.97,1.73,2.04,1.88,1.85,,
Jammu and Kashmir,Poonch,1.88,2.09,2.03,1.75,1.88,1.94,2.02,1.66,1.66,1.57,1.58,1.19,1.28,1.29,1.52,1.37,1.55,2.19,2.68,2.37,1.83,2.3,1.21
Jammu and Kashmir,Pulwama,1.11,1.51,1.33,1.79,2.11,1.98,2.21,2.28,1.03,1.77,1.72,2.27,2.34,1.58,0.52,2.46,2.55,1.51,1.99,2.41,2.33,4.63,2.38
Jammu and Kashmir,Rajauri,1.25,2.03,2.09,2.01,2.22,2.21,2.14,2.16,1.84,1.7,1.95,1.65,1.94,1.71,1.43,1.45,1.48,1.96,2.58,1.93,1.84,1.79,1.84
Jammu and Kashmir,Ramban,,,,,,,,1.11,0.5,0.96,1.17,1.78,1.5,0.5,0.7,1.22,1.44,1.21,1.46,1.31,1.33,0.88,1.08
Jammu and Kashmir,Reasi,,,,,,,,1.65,1.04,0.96,1.6,1.23,1.32,1.21,0.77,0.79,1.26,1.02,1.49,1.77,1.47,1.55,1.58
Jammu and Kashmir,Samba,,,,,,,,1.71,2.74,0.8,1.51,1.52,1.36,1.38,1.04,1.98,1.58,1.82,1.76,1.62,1.63,2.11,2.12
Jammu and Kashmir,Shopian,,,,,,,,1.42,,1.88,0.94,1.54,1.38,,,1.19,1.62,1.64,2.48,2.12,2.42,1.28,1.28
Jammu and Kashmir,Srinagar,2.11,1.91,2.03,2.21,2.24,2.41,2.68,2.56,1.39,2.5,2.04,2.28,0.91,0.5,2.58,2.31,2.5,2.25,2.43,2.2,2.5,,
Jammu and Kashmir,Udhampur,1.11,1.58,1.42,1.56,1.57,1.24,1.31,1.56,1.25,1.15,1.65,1.77,1.83,1.59,1.49,1.88,1.93,1.89,2.03,1.39,1.65,1.56,1.64
Jharkhand,Bokaro,,,0.76,0.94,0.77,0.36,0.93,1.1,0.89,0.46,1.35,1.55,1.77,1.96,1.67,0.68,1.43,2.06,1.02,2.08,2.77,2.46,1.98
Jharkhand,Chatra,,,1.29,1.19,0.62,0.63,1.22,1.17,0.75,0.4,0.81,1.39,1.66,1.96,2.72,0.82,2.44,1.93,1.64,2.01,2.12,2.2,1.8
Jharkhand,Deoghar,,,1.21,1.06,1.3,0.26,1.78,1.79,1.45,0.54,1.57,1.88,0.77,1.16,1.23,0.96,2.51,2.17,1.78,2.59,2.75,3,3.2
Jharkhand,Dhanbad,,,1.04,1.49,1.11,0.77,1.74,1.77,1.63,0.86,1.26,2.26,0.75,1.56,1.65,0.77,1.66,1.86,1.11,2.42,2.33,2.45,2.01
Jharkhand,Dumka,,,1.45,1.18,1.65,1.04,1.41,1.36,1.38,0.83,1.08,1.57,1.63,1.59,1.39,0.66,2.85,1.88,1.9,2.35,2.22,1.9,1.87
Jharkhand,Garhwa,,,1.08,1.21,0.75,0.53,0.96,0.79,0.73,0.6,0.86,1.24,1.33,0.98,1.76,0.72,1.96,1.42,1.23,1.54,2.13,2.17,1.56
Jharkhand,Giridih,,,0.92,1.09,0.94,0.43,1.31,1.38,0.99,0.45,0.59,1.37,1.05,1.61,1.52,0.99,1.94,1.89,1.57,2.48,2.9,2.96,2.69
Jharkhand,Godda,,,1.26,1.14,1.38,1.14,1.54,1.55,1.94,1.1,1.27,1.29,1.39,1.15,1.25,0.66,1.44,1.91,1.39,1.4,1.48,2.36,2.31
Jharkhand,Gumla,,,0.73,0.66,0.61,0.78,0.73,0.93,0.99,0.64,0.97,1.18,0.68,1.06,1.1,0.7,1.89,1.82,1.64,2.17,2.95,2.85,2.33
Jharkhand,Hazaribagh,,,1.06,1.17,0.8,0.77,1.27,1.45,1.44,0.77,1.59,1.46,1.29,1.58,1.69,1.03,2.09,1.72,2.19,2.14,2.15,2.21,1.41
Jharkhand,Jamtara,,,,1.22,1.32,0.33,1.92,1.27,1.55,0.53,1.35,1.69,1.3,0.98,1.13,0.48,2.38,1.78,1.65,2.21,2.51,2.62,1.29
Jharkhand,Khunti,,,,,,,,,1.05,0.62,1.05,0.99,1.44,1.5,1.32,0.62,1.89,1.46,1.01,2.29,2.58,3.37,2.03
Jharkhand,Koderma,,,1.32,1.06,0.72,0.65,1.18,1.47,1.16,0.9,0.87,1.39,0.73,1.48,1.23,0.88,1.81,1.57,1.28,1.8,1.88,1.87,1.81
Jharkhand,Latehar,,,,0.74,1.03,0.76,0.95,1,0.72,1.04,0.77,0.89,0.89,0.9,0.76,0.48,2.19,1.37,1.52,1.5,1.51,1.49,1.35
Jharkhand,Lohardaga,,,0.86,0.85,0.87,0.55,3.18,1.66,1.61,0.91,1.09,1.87,1.55,1.47,1.54,0.84,2.89,1.91,1.94,2.4,2.51,2.69,2.26
Jharkhand,Pakur,,,1.47,1.23,1.05,0.9,1,1.2,0.65,0.66,1.17,1.12,1.6,1.31,1.53,1.33,2.63,1.61,1.03,1.55,1.53,1.6,1.49
Jharkhand,Palamu,,,0.84,0.84,0.75,0.42,1.27,0.86,3.14,0.64,0.99,1.58,1.55,1.24,1.45,0.82,1.86,1.52,1.04,1.45,1.71,1.67,1.27
Jharkhand,Ramgarh,,,,,,,,,1.47,0.66,1.34,1.8,1.66,1.4,1.57,0.41,3.09,1.67,2.13,2.06,1.96,1.98,1.93
Jharkhand,Ranchi,,,1.1,0.97,0.88,0.53,1.07,1.16,1.48,0.72,1.35,1.72,1.69,1.59,1.75,0.58,2.35,2.08,2.01,2.61,2.79,3.11,1.98
Jharkhand,Sahebganj,,,1.21,1.23,1.03,0.86,0.72,0.89,0.98,0.67,1.28,1.06,1.02,1.2,1.16,0.95,1.81,1.47,0.99,2.29,2.46,2.29,2.2
Jharkhand,Saraikela kharsawan,,,,0.98,1.03,0.45,1.51,1.47,1.3,0.76,0.84,1.18,1.46,1.33,1.58,0.45,1.81,1.93,1.84,1.5,2.43,2.38,2.11
Jharkhand,Simdega,,,,0.6,0.77,0.57,0.65,1.37,0.76,0.63,0.82,1.48,1.4,1.16,1.32,0.78,1.86,1.78,2.27,2.1,2.2,2.18,2.02
Jharkhand,West singhbhum,,,0.76,0.53,0.92,0.41,0.95,1.04,0.8,0.56,0.81,1.11,0.8,1.32,1.23,0.49,1.23,1.23,1.38,1.77,1.68,1.8,1.67
Karnataka,Bagalkot,1.21,1.09,0.89,0.61,1.11,1.57,1.01,1.6,1.48,1.21,1.51,1.36,1.33,1.37,1.41,1.01,1.1,1.48,1.2,1.48,1.97,1.69,1.95
Karnataka,Bangalore rural,1.84,1.81,1.01,1.77,2.25,1.97,1.27,2.46,2.57,2.39,2.85,2.7,2.3,2.4,2.55,2.14,1.33,2.79,1.86,2.29,2.42,1.84,2.02
Karnataka,Belgaum,1.2,0.97,0.8,0.6,1.28,1.52,1.35,1.56,1.44,1.29,1.8,1.75,1.44,1.69,2.02,0.9,1.55,2.01,1.92,1.84,2.24,2.16,2.11
Karnataka,Bellary,1.91,1.9,1.67,1.9,2.04,2.22,1.94,2.34,2.31,2.02,2.31,2.13,2.14,2.42,2.29,2.16,2.56,2.95,2.73,3.14,3.46,3.05,3.77
Karnataka,Bengaluru urban,2.05,2.05,1.11,1.62,2.6,2.2,1.24,2.42,2.28,2.04,2.39,2.64,2.05,2.86,2.56,2.11,0.95,1.93,1.6,2.18,2.55,1.76,1.88
Karnataka,Bidar,0.64,0.64,0.6,0.56,0.53,0.56,0.49,0.81,0.68,0.5,0.75,0.79,1.05,0.85,0.63,0.41,0.88,1.19,0.52,0.98,0.78,0.73,0.88
Karnataka,Bijapur,0.73,0.76,0.64,0.45,0.63,0.79,0.67,0.96,0.94,0.71,0.94,0.91,1.08,1.24,0.98,0.42,1.03,0.92,0.52,0.66,0.82,0.74,1.23
Karnataka,Chamarajanagar,1.39,1.27,1.07,0.79,1.48,1.35,1.33,1.48,1.6,1.33,1.66,1.59,1.43,2.12,2.14,2.25,0.81,2.08,1.82,1.8,2.37,1.99,2.46
Karnataka,Chikballapur,,,,,,,,1.51,2.29,1.64,2.33,2.22,2.24,2.65,1.69,2.37,1.18,3.04,1.12,2.3,2.9,2.1,2.4
Karnataka,Chikmagalur,1.74,1.48,1.23,1.01,1.73,1.68,1.48,1.69,1.67,1.76,1.98,1.79,1.39,1.74,1.65,1.67,1.65,1.57,1.58,1.81,1.78,1.32,1.22
Karnataka,Chitradurga,1.76,1.46,1,0.73,1.4,1.17,1.1,1.68,1.03,1.29,1.89,1.14,1.48,1.48,1.78,1.83,0.87,2.24,1.47,2.01,2.55,1.7,2.24
Karnataka,Davangere,2.91,2.26,1.69,1.57,2.88,2.86,2.43,2.89,2.67,2.93,3.35,2.93,2.73,3.35,3.21,3.04,2.17,3.71,2.72,3.14,3.43,3.25,3.11
Karnataka,Dharwad,1.06,0.36,0.37,0.15,0.64,1,1.14,0.94,1.04,1.1,1.22,0.87,0.7,1.11,1.19,0.47,0.6,0.83,0.77,1.24,1.12,1.3,1.16
Karnataka,Gadag,0.81,0.41,0.29,0.25,0.77,1,0.62,0.97,0.79,0.74,0.9,0.76,0.73,0.91,1.06,0.43,0.45,0.79,0.41,0.98,0.83,1.1,1.08
Karnataka,Gulbarga,0.65,0.58,0.64,0.62,0.77,0.92,0.62,0.85,0.82,0.75,0.67,0.67,0.86,1.07,0.87,0.47,1.33,1.15,0.92,0.96,1.08,0.96,0.98
Karnataka,Hassan,1.73,1.66,1.05,0.86,1.74,1.68,1.66,1.84,1.9,2.11,2.35,1.91,1.53,2.27,2.58,2.14,1.58,3.55,1.71,2.73,2.57,2.09,2.33
Karnataka,Haveri,2.22,1.15,0.98,0.62,1.56,1.82,1.93,1.98,1.87,1.52,2.7,2.6,1.55,2.91,2.43,1.82,1.93,3.33,1.77,1.56,2.49,2.24,1.47
Karnataka,Kodagu,2.28,2.53,2.08,2.12,2.46,2.37,2.53,2.64,2.55,2.61,2.68,2.71,2.7,2.94,3.04,2.89,2.81,2.96,2.83,2.68,2.68,2.8,2.73
Karnataka,Kolar,1.76,1.52,0.73,1.43,1.32,1.88,1.25,1.17,1.47,1.2,1.75,1.88,2.2,1.83,1.25,1.17,0.43,2.45,0.91,1.76,2.11,1.69,1.71
Karnataka,Koppal,1.47,1.37,0.93,1.18,1.29,1.53,1.14,1.6,1.48,1.27,1.83,1.74,1.76,1.96,1.86,1.01,1.01,1.82,1.15,1.37,1.92,1.62,1.72
Karnataka,Mandya,2.09,1.9,1.41,1.59,2.49,2.17,1.51,2.26,1.99,1.86,2.49,2.37,1.84,2.33,2.3,2.23,1.34,1.65,1.93,2.04,2.23,2.05,2.02
Karnataka,Mysore,1.85,1.88,1.27,1.42,1.82,1.93,1.7,1.84,1.87,1.86,1.99,1.99,1.57,2.09,2.13,1.88,1.66,1.76,1.87,1.82,2.03,1.94,1.98
Karnataka,Raichur,1.43,1.25,1.14,0.97,1.17,1.52,1.38,1.62,1.77,1.82,1.54,1.53,1.71,1.84,1.86,1.35,1.68,1.64,1.33,1.89,2.23,2.17,2.43
Karnataka,Ramanagara,,,,,,,,2.07,1.65,1.64,2.03,2.16,1.9,2.23,1.87,1.77,0.73,2.2,1.57,2.16,2.16,1.76,1.96
Karnataka,Shimoga,2.34,1.71,1.79,2.19,2.78,2.5,2.56,2.36,2.79,2.52,3.25,3.35,3.16,2.98,3.18,2.98,2.5,3.57,2.95,3.14,3.37,3.24,2.7
Karnataka,Tumkur,1.56,1.28,0.84,0.93,1.55,1.52,0.9,1.59,1.24,1.3,1.63,1.49,1.1,1.43,1.66,1.57,0.99,1.41,1.04,1.57,1.63,1.12,1.17
Karnataka,Udupi,1.8,1.89,1.88,2.32,2.3,2.25,2.27,2.16,2.08,2.21,2.34,2.36,2.3,2.52,2.61,2.33,2.56,2.86,2.71,2.68,2.72,2.8,2.74
Karnataka,Vijayanagar,,,,,,,,,,,,,,,,,,,,,,,2.87
Karnataka,Yadgir,,,,,,,,,,,1.13,0.85,0.88,1.14,1.53,0.7,1.55,1.92,1.49,1.96,1.95,1.88,2.35
Kerala,Alappuzha,2.74,2.2,3.09,1.96,2.44,2.49,2.9,1.87,3.05,2.93,2.46,3.09,2.89,2.86,2.99,2.81,3.16,2.91,3.33,3.12,3.14,2.55,3.08
Kerala,Ernakulam,1.74,1.82,1.9,1.83,1.94,1.93,2.01,1.98,2,1.95,1.98,2.14,2.08,2.13,1.99,2.07,2.25,2.37,2.22,2.32,2.32,2.2,2.44
Kerala,Idukki,2.27,2.44,2.25,2.22,2.35,2.56,2.53,2.68,2.57,2.62,2.61,2.48,2.69,2.69,2.34,2.22,2.47,2.82,2.41,2.51,2.42,2.08,2.68
Kerala,Kannur,1.75,1.77,1.84,1.75,1.88,1.88,1.97,1.95,1.78,1.94,2.1,2.12,2.06,2.03,2.05,1.98,2.16,2.04,2.03,2.05,2.16,1.98,2.04
Kerala,Kasaragod,1.91,2.11,2.17,2.29,2.22,2.29,2.28,2.12,2.21,2.11,2.37,2.22,2.27,2.23,2.17,2.17,2.27,2.36,2.24,2.12,2.16,2.07,2.22
Kerala,Kollam,2.06,2.18,2.11,2.2,2.31,2.23,2.29,2.26,2.15,2.3,2.14,2.27,2.01,2.22,2.26,2.1,1.8,2.21,2.27,1.97,2.15,2.14,2.36
Kerala,Kottayam,2.58,2.27,2.52,2.28,2.49,2.49,2.57,2.59,2.94,2.55,2.77,2.97,2.9,3.22,2.85,3.02,2.79,2.84,2.79,2.82,2.93,2.72,3.1
Kerala,Kozhikode,1.34,1.3,1.41,1.46,1.46,1.34,1.42,1.34,1.39,1.31,1.27,1.46,1.51,1.58,1.47,1.26,1.47,1.56,1.58,1.4,1.27,1.31,1.4
Kerala,Malappuram,1.89,1.94,1.98,2.08,2.18,2.11,2.19,2.29,2.11,2.25,2.35,2.47,2.29,2.6,2.6,2.68,2.41,3.02,3.28,3.24,3.24,3.18,3.5
Kerala,Palakkad,2.18,2.26,2.06,1.75,2.27,2.3,2.43,2.4,2.43,2.59,2.49,2.67,2.36,2.84,2.82,2.79,2.19,2.63,2.77,3.2,3.2,3.17,3.18
Kerala,Pathanamthitta,2.73,2.46,2.49,2.4,2.49,2.28,2.71,2.31,2.76,2.58,2.22,3.21,2.65,3.04,2.91,3.31,3.34,2.86,3.68,3.25,2.97,2.42,3.31
Kerala,Thiruvananthapuram,2.07,2.16,2.2,2.1,2.38,2.35,2.62,2.5,2.43,2.57,2.37,2.56,2.22,2.58,2.6,2.5,2.16,2.6,2.53,2.45,2.55,2.31,2.43
Kerala,Thrissur,2.08,2.28,2.34,2.34,2.41,2.35,2.38,2.43,2.57,2.51,2.62,2.94,2.93,2.99,3.15,3.2,2.72,3.22,3.16,3.38,3.67,3.07,3.43
Kerala,Wayanad,2.25,2.5,2.41,2.3,2.58,2.47,2.59,2.58,2.65,2.55,2.53,2.62,2.56,2.67,2.58,2.51,2.45,2.53,2.64,2.46,2.68,2.77,2.78
Ladakh,Kargil,,,,,,,,,,,,,,,,,,,,,,,1.94
Ladakh,Leh ladakh,,,,,,,,,,,,,,,,,,,,,1.7,1.85,1.64
Madhya Pradesh,Agar malwa,,,,,,,,,,,,,,1.29,1.73,1.91,2.03,2.26,1.36,3.74,1.95,2.34,2.35
Madhya Pradesh,Alirajpur,,,,,,,,,0.82,0.76,0.85,0.71,1.26,0.96,1.6,1.59,1.75,1.52,1.26,1.24,1.29,1.63,1.8
Madhya Pradesh,Anuppur,,,,0.63,0.5,0.95,0.8,0.62,0.85,0.52,0.52,0.84,1,1.42,1.67,1.39,1.55,1.6,1.23,1.69,1.76,1.47,1.92
Madhya Pradesh,Ashoknagar,,,,0.85,0.88,1,1.01,0.78,1.09,1.2,1.07,1.46,1.67,1.51,1.64,1.82,1.64,1.82,1.96,2.91,2.71,2.63,2.41
Madhya Pradesh,Balaghat,0.8,1.3,0.83,1.31,1.03,1.39,1.09,1.3,1.01,1.26,1.32,1.25,1.69,1.52,1.7,1.59,2.24,1.76,1.82,2.05,2.29,1.95,2.56
Madhya Pradesh,Barwani,0.75,1.09,0.99,1.2,0.92,0.76,0.97,1,1.26,1.04,1.39,2.32,4.04,2.41,2.69,2.76,3.1,3.08,3.8,3.74,4.07,3.49,3.28
Madhya Pradesh,Betul,0.85,0.98,0.89,1.11,0.97,1.22,1.04,1.14,1.16,1.14,1.03,1.49,2.13,1.49,1.95,1.93,2.09,2.5,2.5,2.11,2.74,2.55,2.75
Madhya Pradesh,Bhind,0.92,1.57,1.22,1.49,1.44,1.47,1.32,1.18,1.67,1.86,1.74,2.42,2.75,3.11,2.92,3.17,3.36,3.14,3.55,3.43,3.55,3.82,3.71
Madhya Pradesh,Bhopal,1.34,1.38,1.26,1.37,1.58,1.47,1.47,1.41,1.49,1.63,1.3,2.24,2.44,2.92,1.81,2.4,2.58,2.13,2.63,2.77,3.19,3.03,3.3
Madhya Pradesh,Burhanpur,,,,1.41,1.31,1.39,1.32,1.36,1.44,1.35,1.78,1.85,2.69,2.96,1.86,3,2.7,2.71,2.96,3.42,3.8,3.13,2.93
Madhya Pradesh,Chhatarpur,0.94,1.14,0.97,1.06,1.18,1.02,0.79,0.61,1.03,0.99,0.87,1.54,1.53,1.27,1.35,1.18,2,1.78,1.83,1.59,1.71,1.98,1.95
Madhya Pradesh,Chhindwara,1.1,1.05,1.25,1.56,1.35,1.4,1.42,1.77,1.56,2.35,2.24,2.56,2.75,1.63,2.32,3.34,3.25,3.48,3.76,4.2,4.16,3.83,3.69
Madhya Pradesh,Damoh,0.68,0.89,0.44,0.87,0.88,0.92,0.88,0.78,1.14,1.09,0.93,1.03,1.24,0.84,1.25,1.19,1.83,1.77,1.31,1.37,1.68,1.66,2.03
Madhya Pradesh,Datia,1.51,1.63,1.31,1.34,1.35,1.62,1.43,1.32,1.7,1.97,1.7,2.15,2.51,2.48,1.85,2.26,2.41,2.26,2.11,2.22,2.33,2.47,2.73
Madhya Pradesh,Dewas,1.22,1.45,1.44,1.61,1.56,1.51,1.82,1.46,1.56,1.67,1.37,2.19,2.5,1.69,2.41,2.9,2.81,2.65,1.68,3.54,2.9,3.13,3.16
Madhya Pradesh,Dhar,0.78,1.17,1.39,1.7,1.54,1.25,1.64,1.78,1.49,1.56,1.75,1.76,2.32,2.24,2.66,2.33,2.64,2.71,2.12,3.34,4.73,4.62,4.17
Madhya Pradesh,Dindori,0.46,0.7,0.52,0.64,0.65,0.67,0.5,0.62,0.56,0.51,0.47,0.64,1.14,1.28,1.31,1.24,1.53,1.56,1.35,1.48,1.85,1.52,2
Madhya Pradesh,Guna,1.03,1.14,0.5,1.21,1.06,1.21,1.21,1.01,1.35,1.23,1.53,2.15,2.69,2.27,2.38,2.57,2.48,2.22,2.36,3.09,3.45,3.39,3.21
Madhya Pradesh,Gwalior,1.9,2.12,1.63,1.93,2.1,2.17,1.91,1.39,2.3,2.13,2.48,3.12,2.78,2.58,2.42,3.04,3.06,2.68,3.02,3.39,3.17,3,3.54
Madhya Pradesh,Harda,1.52,1.85,1.76,1.72,1.99,2.07,1.99,2.98,2.91,2.74,3.65,4.27,3.54,2.78,3.25,3.24,3.62,2.69,2.9,2.59,3.06,2.79,2.85
Madhya Pradesh,Hoshangabad,2.01,2.16,1.8,2.01,1.94,1.92,2.29,2.77,2.4,2.65,3.1,4.14,3.93,2.35,3.22,3.08,3.2,2.72,3.25,3.2,3.3,1.57,3.4
Madhya Pradesh,Indore,1.46,1.14,1.29,2.07,2.14,1.3,2.12,1.67,1.5,1.76,1.78,3.36,3.65,2.21,2.78,3.16,3.26,3.02,2.88,4.81,5.76,5.24,4.6
Madhya Pradesh,Jabalpur,0.8,0.99,0.79,1.05,1.17,1.27,1.16,0.88,1.09,1.03,1.39,1.43,1.82,1.51,1.75,1.91,2.57,2.58,2.38,2.97,2.73,2.82,3.08
Madhya Pradesh,Jhabua,0.43,1.02,0.96,0.98,0.78,0.89,0.69,0.93,1.08,1,1.11,1.02,1.78,2.04,2.06,2.11,2.67,2.5,2.06,2.19,2.45,2.64,2.79
Madhya Pradesh,Katni,0.58,0.85,0.53,0.9,0.8,0.84,0.51,0.54,0.92,0.69,0.68,1.44,1.66,2.07,1.54,1.6,2.6,2.41,2.72,3.14,3.11,3.05,3.37
Madhya Pradesh,Khandwa,0.73,1.11,1.33,1.18,1.04,1.18,1.33,1.39,1.43,1.27,1.48,1.88,2.82,1.88,2.1,1.84,2.99,2.6,2.43,2.67,2.12,2.25,2.53
Madhya Pradesh,Khargone,0.77,1.23,1.44,1.58,1.3,1.09,1.42,1.6,1.35,1.79,1.81,1.88,2.26,1.91,2.2,2.79,3.4,2.82,3.03,3.41,3.43,3.2,3.51
Madhya Pradesh,Mandla,0.39,0.7,0.57,0.71,0.65,0.74,0.6,0.72,0.64,0.54,0.72,0.91,0.79,1.05,1.13,1.74,2.07,2.95,1.65,1.76,2.14,1.92,2.49
Madhya Pradesh,Mandsaur,1.15,1.56,1.07,1.24,1.41,1.07,1.64,1.36,1.41,1.46,1.32,2.5,2.97,2.97,2.32,2,2.67,2.52,3.01,4.62,2.24,3.21,3.29
Madhya Pradesh,Morena,2.05,1.99,1.45,2.1,2.23,2.36,2.2,1.89,1.9,1.88,2.2,2.96,2.91,2.49,2.37,3.27,3.13,3.19,2.51,2.65,2.93,3.18,3.46
Madhya Pradesh,Narsinghpur,1.66,1.62,1.12,1.31,1.36,1.37,1.42,1.32,1.51,1.45,1.43,1.38,1.59,1.19,1.8,2.23,2.28,2.19,1.91,2.5,2.37,2.42,2.53
Madhya Pradesh,Neemuch,1.49,1.91,1.14,1.51,1.68,1.75,1.47,1.46,1.69,1.48,1.87,2.1,3.35,3.21,2.22,2.52,2.66,2.52,3.09,3.85,1.82,3.63,3.5
Madhya Pradesh,Niwari,,,,,,,,,,,,,,,,,,,,3.11,1.66,2.06,2.09
Madhya Pradesh,Panna,0.52,0.74,0.64,0.72,0.66,0.76,0.68,0.7,1.02,0.96,0.91,1.05,1.19,1.03,1.17,1.07,2.01,1.94,1.48,1.58,1.79,1.97,2.25
Madhya Pradesh,Raisen,1.01,1.16,1.18,1.17,1.21,1.3,1.34,0.96,1.23,1.52,1.06,2.03,2.35,1.36,2.46,2.19,2.33,2.15,2.19,2.63,2.37,2.41,2.7
Madhya Pradesh,Rajgarh,0.66,0.95,0.74,1.39,1.16,1.02,1.11,1.06,1.16,1.27,1.05,1.56,2.12,1.69,2.17,1.7,2.48,2.31,2.38,2.43,2.7,3.06,2.9
Madhya Pradesh,Ratlam,1.41,1.61,1.19,1.89,1.81,1.99,1.89,1.89,1.92,1.76,2.08,1.51,2.37,2.02,2,2.21,2.22,2.53,2.3,3.18,4.34,4.4,4.11
Madhya Pradesh,Rewa,0.77,0.99,0.86,0.95,0.83,0.89,0.7,0.61,0.93,0.79,0.6,1.26,1.58,1.41,2.09,1.37,2.2,2.8,2.23,2.6,2.48,2.71,3.1
Madhya Pradesh,Sagar,0.61,0.83,0.45,0.83,0.83,0.83,0.82,0.68,0.91,1.02,0.69,1.17,1.53,1.16,1.45,1.34,1.79,2.1,1.46,2.08,1.91,1.74,1.85
Madhya Pradesh,Satna,0.54,0.86,0.82,0.89,0.88,0.92,0.64,0.46,0.73,0.82,0.65,1.33,1.79,1.83,2.11,1.72,2.39,2.13,2.37,2.42,2.39,1.82,3.04
Madhya Pradesh,Sehore,1.52,1.55,1.46,1.69,1.7,1.49,1.66,0.99,1.22,1.7,1.24,2.2,1.74,1.74,2.74,2.88,2.68,2.43,2.46,3.22,2.86,2.89,3.01
Madhya Pradesh,Seoni,0.43,0.83,0.67,1.01,0.71,0.97,0.89,0.91,0.84,0.84,0.91,1.33,1.96,2.11,1.73,1.89,2.81,2.66,2.7,3.29,3.26,3.3,3.32
Madhya Pradesh,Shahdol,0.64,0.79,0.54,0.82,0.65,0.88,0.69,0.62,0.78,0.7,0.98,1.47,1.73,1.89,1.6,1.57,1.96,1.39,1.55,2.17,2.04,1.73,2.3
Madhya Pradesh,Shajapur,1.29,1.25,1.29,1.35,1.42,1.32,1.38,1.05,1.19,1.49,1.11,1.58,1.33,1.61,2.35,2.18,2.43,2.04,1.73,4.69,2.81,3.06,2.94
Madhya Pradesh,Sheopur,1.96,1.71,1.06,2.02,1.61,1.94,1.89,1.88,1.98,2.39,2.14,3.48,3.65,3.75,2.36,3.26,3.27,2.68,3.09,3.4,3.59,3.17,3.28
Madhya Pradesh,Shivpuri,1.21,1.46,0.84,1.5,1.36,1.43,1.33,0.94,1.49,1.46,1.6,2.1,2.48,1.86,1.94,1.84,2.15,1.61,1.9,1.98,2.26,2.44,2.67
Madhya Pradesh,Sidhi,0.58,0.67,0.63,0.84,0.69,0.7,0.65,0.63,0.7,0.67,0.64,1,1.37,1.44,1.31,1.43,2.14,1.78,2.06,1.98,2.05,2.44,2.61
Madhya Pradesh,Singrauli,,,,,,,,,0.64,0.74,0.8,0.8,1.96,1.52,1.65,1.67,2.15,2.08,2.51,3.47,3.61,3.1,2.74
Madhya Pradesh,Tikamgarh,1.21,1.27,1.05,1.15,1.07,0.92,0.73,0.59,1.28,1.06,0.81,1.59,1.53,1.22,1.43,1.04,1.97,1.6,1.58,1.48,1.66,1.83,1.91
Madhya Pradesh,Ujjain,1.15,0.73,0.96,1.24,1.59,1.15,2.17,1.31,1.17,1.52,1.06,1.56,2.05,2.21,2.33,2.72,3.01,2.85,1.71,3.97,3.2,3.48,3.51
Madhya Pradesh,Umaria,0.48,0.59,0.2,0.69,0.56,0.71,0.52,0.55,0.61,0.61,0.63,0.96,1.11,1.26,1.36,1.42,1.61,1.93,1.91,1.79,1.85,1.48,1.96
Madhya Pradesh,Vidisha,1.07,1.12,0.93,1.09,1.19,1.16,1.26,0.79,1.14,1.34,1.16,1.36,1.37,1.25,1.77,1.73,1.92,2.35,1.51,2.22,2.4,2.29,2.56
Maharashtra,Ahilyanagar,0.52,0.52,0.47,0.26,0.65,0.55,0.74,0.88,0.89,0.88,0.92,0.73,0.4,1.15,0.86,0.38,0.95,0.95,0.48,0.81,1.17,1.13,1.31
Maharashtra,Akola,0.92,0.96,1.1,1.09,0.69,1.11,1.34,1.53,0.79,1.31,1.29,1.02,1.04,0.95,0.61,0.69,1.42,0.94,0.81,1.35,0.95,1.48,1.03
Maharashtra,Amravati,0.84,0.93,0.9,0.93,0.68,0.89,0.84,1.09,0.78,1.13,1.05,1,1.09,1.04,0.72,0.71,1.21,1.08,1.04,1.04,1.14,1.15,0.81
Maharashtra,Beed,0.69,0.52,0.72,0.43,0.66,0.7,0.83,0.82,0.79,0.8,0.86,0.84,0.48,0.81,0.47,0.25,0.74,0.56,0.34,0.76,1.36,0.96,1.16
Maharashtra,Bhandara,0.93,1.26,1.06,1.39,0.71,1.46,1.31,1.56,0.72,0.95,1.29,1.54,1.76,1.44,1.4,1.33,1.84,1.19,1.85,1.47,1.78,1.72,1.9
Maharashtra,Buldhana,0.76,0.97,0.95,1.01,0.67,0.68,0.96,1.44,1.16,1.4,1.26,1.28,0.94,0.99,0.81,0.62,1.34,0.99,0.76,1.16,1.55,2.2,1.3
Maharashtra,Chandrapur,0.69,1.04,0.63,1.02,0.61,1.03,0.95,1.13,0.75,0.68,1.03,1.03,1.29,1.04,0.67,0.74,1.41,0.83,1.36,1.18,1.22,1.32,1.49
Maharashtra,Chhatrapati Sambhajinagar,0.66,0.8,1,0.87,0.93,1.27,1.43,1.55,1.35,1.41,1.79,1.82,0.99,2.46,0.67,0.69,1.48,0.96,0.64,1.15,1.53,1.24,1.27
Maharashtra,Dharashiv,0.78,0.55,0.59,0.22,0.57,0.74,0.62,0.83,0.71,0.74,0.76,0.78,0.37,0.92,0.33,0.22,0.74,0.71,0.52,0.74,1.13,0.92,0.98
Maharashtra,Dhule,0.44,0.96,0.78,1.14,1.07,0.79,0.99,1.43,0.67,1.23,1.86,1.42,1.35,1.75,1.26,1.08,1.65,1.93,1.11,1.26,1.31,1.18,1.58
Maharashtra,Gadchiroli,0.72,1.07,0.54,1.09,0.79,1.34,1.3,1.39,0.82,0.77,1.33,1.12,1.38,1.36,1.18,0.81,1.66,1.13,1.59,1.55,1.48,1.41,1.68
Maharashtra,Gondia,0.84,1.24,0.97,1.4,0.6,1.4,1.09,1.57,0.7,1.05,1.59,1.59,1.75,1.48,1.79,1.44,2.26,1.49,2.32,1.92,2.13,2.2,2.56
Maharashtra,Hingoli,0.9,0.97,1.04,1.06,0.7,1.01,0.98,1.23,0.87,0.86,0.99,1.03,1.13,0.93,1.17,0.35,0.93,0.8,0.61,0.89,0.69,0.98,1.06
Maharashtra,Jalgaon,0.77,1.09,1.43,1.32,1.26,1.31,1.45,1.7,1.38,1.56,1.95,1.93,1.5,1.96,1.84,1.22,2.22,2.19,1.38,1.46,1.94,1.86,2.15
Maharashtra,Jalna,0.76,0.82,1.04,0.93,0.84,0.98,1.13,1.33,0.96,1.1,1.15,1.11,0.57,1.31,0.32,0.37,1.42,0.95,0.6,1.46,1.66,1.48,1.67
Maharashtra,Kolhapur,1.69,2.11,1.77,1.83,1.99,1.77,1.97,2.34,2.03,2.1,2.28,2.22,2.13,2.46,2.46,2.09,2.8,2.45,2.57,2.15,2.8,2.77,2.72
Maharashtra,Latur,0.74,0.72,0.9,0.82,0.65,1.05,0.76,1.01,0.84,0.84,1.06,1.02,1.29,1.37,0.47,0.31,1.58,0.81,0.55,1.03,1.13,0.89,0.8
Maharashtra,Mumbai suburban,,,,,,,,,,,,,,,,,1,,,,,,
Maharashtra,Nagpur,0.77,0.95,0.77,0.93,0.72,0.89,0.94,1.06,0.76,0.99,1.12,1.16,1.16,0.87,0.91,0.88,1.74,1.57,1.51,1.33,1.87,2,1.67
Maharashtra,Nanded,0.85,0.87,1.15,1,0.94,0.66,0.75,0.88,0.72,0.6,1.03,0.97,0.99,0.78,0.37,0.31,0.97,0.88,0.89,1.07,1.01,0.83,0.99
Maharashtra,Nandurbar,0.46,0.81,0.78,1.01,0.72,1.02,0.82,1.37,1.2,1.14,1.47,1.65,1.5,1.17,1.04,0.98,1.47,1.52,1.06,1.43,1.46,1.29,1.79
Maharashtra,Nashik,0.59,0.77,0.9,0.83,0.97,1.01,0.97,1.43,1.35,1.17,1.67,1.69,1.54,1.82,1.35,1.27,2.32,2.32,1.59,1.37,2.45,2.3,2.82
Maharashtra,Palghar,,,,,,0.25,,,,,,,,,2.11,1.85,2.3,1.54,1.48,1.46,1.54,1.71,1.91
Maharashtra,Parbhani,0.72,0.8,0.86,0.73,0.46,0.72,0.78,1.02,0.8,0.75,0.74,0.86,0.77,0.74,0.43,0.19,0.97,0.75,0.65,0.94,1.19,1.3,1.22
Maharashtra,Raigad,1.88,2.32,1.84,2.44,1.92,1.96,2.06,2.18,2.33,2.18,2.05,2.08,2.22,2.57,2.44,2.56,2.32,2.39,2.51,1.74,1.67,2.01,2.31
Maharashtra,Ratnagiri,1.74,2.17,1.56,2.44,1.83,2.05,2.21,2.06,2.11,2.12,2.27,2.37,2.49,2.5,2.6,2.14,2.74,2.64,2.76,2.83,2.53,2.58,2.6
Maharashtra,Sangli,0.82,0.73,0.51,0.53,0.99,0.8,0.72,0.9,0.88,0.88,1.07,0.73,0.6,0.91,1.29,0.74,1.17,0.96,0.87,1.02,1.37,1.45,1.46
Maharashtra,Satara,0.85,0.99,0.84,1.01,1.1,0.83,0.85,1.16,1.18,1.02,1.12,1.06,0.98,1.15,1.07,0.93,1.04,1.22,1.16,1.01,1.41,1.64,1.38
Maharashtra,Sindhudurg,2.26,2.28,1.99,2.85,2.53,2.18,2.67,2.49,2.52,2.4,2.44,2.5,2.65,2.98,2.94,2.73,3.11,3.07,2.74,2.35,2.61,2.42,2.49
Maharashtra,Solapur,0.5,0.51,0.44,0.08,0.51,0.6,0.57,0.7,0.7,0.76,0.77,0.56,0.38,0.66,0.74,0.28,0.68,0.71,0.46,0.8,0.92,0.97,1.05
Maharashtra,Thane,1.05,2.06,0.98,2.27,1.87,1.82,1.56,1.82,1.78,1.72,1.66,2,2.16,2.03,2.09,2.08,2.48,1.72,2.32,1.97,1.82,2.08,2.34
Maharashtra,Wardha,0.98,1.03,1.08,1.08,0.83,0.91,0.77,1.05,0.73,0.57,1.21,1,1.18,0.8,0.54,0.55,1.39,1.15,1.19,1.22,1.78,1.5,1.08
Maharashtra,Washim,0.7,0.89,0.82,0.86,0.66,0.74,0.92,1.06,0.66,1.06,0.96,0.77,0.93,0.84,0.61,0.47,0.93,0.57,0.71,0.82,1.38,1.09,1.17
Maharashtra,Yavatmal,0.94,0.95,0.92,0.8,0.71,0.73,0.93,1.07,0.75,0.63,0.97,1.12,1.19,0.67,0.46,0.62,1.04,0.84,1.02,0.83,0.9,1.1,0.62
Manipur,Bishnupur,2.67,2.66,2.82,3.28,2.9,2.94,2.6,2.9,3.25,2.59,2.9,3.48,2.5,3.45,2.62,2.52,3.16,3.38,3.57,2.65,3.71,2.56,1.36
Manipur,Chandel,1.27,1.45,1.19,1.7,2.3,1.8,1.88,2.07,1.14,1.19,1.16,1.52,1.51,1.45,1.69,1.49,1.65,1.47,1.48,1.74,3.11,1.34,1.3
Manipur,Churachandpur,1.89,1.86,2.07,1.9,1.92,1.83,1.9,1.8,1.01,1.3,1.03,1.3,1.34,1.33,1.71,1.33,1.63,1.29,1.25,1.8,1.96,1.21,1.05
Manipur,Imphal east,2.79,2.73,2.21,2.53,2.94,2.61,2.75,2.76,3.43,2.62,2.89,3.17,2.68,3.47,2.37,2.87,2.76,3.21,3.07,2.08,2.54,2.39,1.44
Manipur,Imphal west,3.2,3.11,2.9,3.19,3.05,3.22,3.01,3.02,3.52,2.89,3.12,3.33,2.63,3.39,2.67,2.52,3.36,3.21,3.1,2.45,2.99,2.14,1.1
Manipur,Senapati,2.25,2.25,2.03,2.41,2.15,1.98,2.11,2.24,1.38,1.46,1.26,1.62,1.67,1.74,1.75,1.49,1.67,1.54,1.65,0.43,2.9,1.35,1.35
Manipur,Tamenglong,1.19,1.23,1.22,0.95,1.07,1.1,1.32,1.9,0.9,1,0.91,1.16,1.29,1.27,1.57,1.34,1.55,1.19,1.22,1.21,1.43,1.1,0.99
Manipur,Thoubal,2.56,2.44,2.11,2.36,2.31,2.25,2.31,2.24,3.36,3.13,3.45,3.5,2.6,3.48,2.66,2.64,3.36,3.38,3.48,2.54,3.33,2.19,2.14
Manipur,Ukhrul,2.41,2.15,1.81,2.31,2.18,2.31,2.3,2.35,1.14,1.13,1.06,1.58,1.48,1.59,1.68,1.38,1.62,1.45,1.53,2.08,2.65,1.28,1.16
Meghalaya,East garo hills,1.68,1.7,1.71,1.66,1.72,1.88,1.48,1.21,1.45,1.44,1.44,1.44,1.89,2,2.13,2.16,2.16,2.17,2.15,2.16,2.14,2.26,1.82
Meghalaya,East jaintia hills,1.45,1.46,1.46,1.5,1.4,1.45,1.45,1.45,1.53,1.54,1.6,1.6,1.82,1.98,2.07,2.1,2.1,2.1,2.1,2.1,2.11,2.11,2.2
Meghalaya,East khasi hills,1.78,1.82,1.75,1.76,1.75,1.75,1.82,1.87,1.96,1.95,1.96,1.95,2.28,2.4,2.53,2.57,2.56,2.56,2.56,2.55,2.55,2.6,2.2
Meghalaya,North garo hills,,,,,,,,,,,,,,1.26,2.18,2.22,2.23,2.23,2.22,2.22,2.21,2.3,2.07
Meghalaya,Ri bhoi,2.49,2.49,2.54,2.6,2.64,2.69,2.63,2.6,2.61,2.64,2.62,2.62,2.9,3.09,3.3,3.32,3.33,3.33,3.33,3.33,3.33,3.36,3.34
Meghalaya,South garo hills,1.14,1.14,1.22,1.21,1.18,1.34,1.48,1.2,1.23,1.23,1.3,1.4,1.84,1.93,2.06,2.1,2.1,2.1,2.09,2.1,2.09,2.19,1.9
Meghalaya,South west garo hills,,,,,,,,,,,,,,3.46,3.01,3,3.01,3.01,2.99,3,3.02,2.8,2.57
Meghalaya,South west khasi hills,,,,,,,,,,,,,,1.63,1.75,1.79,1.79,1.79,1.79,1.8,1.8,1.79,1.79
Meghalaya,West garo hills,1.51,1.69,1.69,1.8,1.68,1.95,1.97,2.04,2,2.01,2.02,2.28,2.75,2.74,2.86,2.88,2.91,2.91,2.9,2.9,2.92,2.46,2.15
Meghalaya,West jaintia hills,,,,,,,,,,,,,,1.77,2.05,2.08,2.08,2.09,2.09,2.09,2.09,2.1,1.88
Meghalaya,West khasi hills,1.45,1.59,1.59,1.6,1.2,1.52,1.67,1.66,1.31,1.32,1.39,1.43,1.63,1.74,1.83,1.85,1.86,1.87,1.87,1.87,1.87,1.89,1.87
Mizoram,Aizawl,2.26,2.1,2,1.91,1.57,1.64,0.54,0.17,0.78,1.55,1.26,1.37,1.37,1.53,1.65,1.66,1.66,1.8,1.84,1.53,1.56,1.55,1.23
Mizoram,Champhai,1.3,1.2,1.18,2.2,2.06,1.9,0.9,0.38,1.91,2,1.52,1.52,1.51,1.57,1.55,1.67,1.58,1.63,1.7,1.79,1.99,1.95,1.82
Mizoram,Hnahthial,,,,,,,,,,,,,,,,,,,,,1.35,1.45,1.36
Mizoram,Khawzawl,,,,,,,,,,,,,,,,,,,,,1.38,1.55,1.37
Mizoram,Kolasib,2.02,2.12,1.94,1.94,1.97,2.14,1.01,0.4,1.23,1.63,1.29,1.46,1.55,1.59,1.72,1.75,1.78,1.76,1.85,1.93,2.08,2.07,1.99
Mizoram,Lawngtlai,,,,,2.05,2.03,0.37,0.4,0.7,1.04,0.77,1.09,1.33,1.42,1.68,1.75,1.74,1.76,1.76,1.8,1.79,1.64,1.63
Mizoram,Lunglei,2.11,1.99,2.23,1.76,1.66,1.98,1.35,0.15,0.97,1.32,1.26,1.36,1.47,1.62,1.68,1.69,1.62,1.44,1.51,1.53,1.6,1.47,1.59
Mizoram,Mamit,,,,1.81,2.21,1.94,0.72,0.26,1.04,1.47,1.18,1.18,1.23,1.3,1.43,1.39,1.41,1.26,1.27,1.25,1.19,1.35,1.41
Mizoram,Saiha,,,,1.6,1.79,1.78,0.54,0.09,0.35,0.89,0.96,1.21,1.45,1.59,1.53,1.61,1.64,1.68,1.67,1.52,1.5,1.51,1.5
Mizoram,Saitual,,,,,,,,,,,,,,,,,,,,,1.68,1.53,2.19
Mizoram,Serchhip,,,,,1.77,1.5,0.67,0.34,2.23,0.81,1.28,1.32,1.33,1.38,1.54,1.6,1.56,1.56,1.74,1.79,1.79,1.8,1.76
Nagaland,Chumoukedima,,,,,,,,,,,,,,,,,,,,,,,2.73
Nagaland,Dimapur,1.67,1.71,1.76,1.85,1.72,1.7,1.48,2.18,2.08,1.47,2.21,2.23,2.31,2.37,2.44,2.46,2.51,2.54,2.56,2.58,2.59,2.07,2.82
Nagaland,Kiphire,,,,,,,,,1.85,1.15,1.89,1.88,1.93,1.95,1.88,1.92,1.97,1.98,1.99,1.99,2.14,1.44,2.03
Nagaland,Kohima,1.54,1.63,1.63,1.55,1.74,1.73,1.57,1.68,1.76,1.25,1.95,1.98,2.06,2.12,2.11,2.14,2.18,2.2,2.22,2.23,2.32,1.83,2.59
Nagaland,Longleng,,,,,,,,,1.76,1.15,1.84,1.81,1.88,1.93,1.87,1.93,1.97,1.99,2,2.01,2.17,1.64,2.12
Nagaland,Mokokchung,1.35,1.47,1.47,0.48,1.52,1.53,1.46,1.67,1.82,1.26,1.93,1.92,2,2.04,2.03,2.06,2.11,2.12,2.14,2.15,2.23,1.7,2.29
Nagaland,Mon,1.35,1.49,1.56,1.49,1.52,1.55,1.46,1.65,1.71,1.19,1.83,1.86,1.96,1.98,1.98,2.01,2.05,2.06,2.07,2.08,2.14,1.55,2.09
Nagaland,Noklak,,,,,,,,,,,,,,,,,,,,,,1.5,1.92
Nagaland,Peren,,,,,,,,,2.05,1.35,2.1,2.07,2.14,2.19,2.24,2.28,2.34,2.37,2.38,2.4,2.43,1.78,2.57
Nagaland,Phek,1.59,1.69,1.72,1.66,1.7,1.73,1.54,1.72,1.92,1.3,2.06,2.05,2.12,2.17,2.18,2.2,2.24,2.25,2.28,2.3,2.37,1.91,2.54
Nagaland,Shamator,,,,,,,,,,,,,,,,,,,,,,,1.9
Nagaland,Tseminyu,,,,,,,,,,,,,,,,,,,,,,,2.08
Nagaland,Tuensang,1.25,1.37,1.43,1.48,1.52,1.54,1.53,1.75,1.75,1.16,1.9,1.89,1.96,1.99,1.9,1.93,1.96,1.97,1.98,1.99,2.16,1.54,2.05
Nagaland,Wokha,1.53,1.59,1.49,1.52,1.47,1.46,1.41,1.6,1.78,1.23,1.93,1.92,2,2.05,2.06,2.16,2.14,2.15,2.17,2.18,2.25,1.52,2.36
Nagaland,Zunheboto,1.22,1.29,1.46,1.39,1.51,1.49,1.52,1.54,1.76,1.15,1.88,1.88,1.94,1.97,1.92,2.01,2.04,2.04,2.06,2.06,2.12,1.59,2.19
Odisha,Anugul,0.42,1.47,0.39,1.29,1.17,1.39,1.23,0.78,1.22,0.9,0.52,0.9,0.67,1.79,2.3,0.77,2.19,1.29,2.53,2.51,2.98,2.13,3.22
Odisha,Balangir,0.35,1.27,0.29,1.21,0.94,1.17,1.29,1.57,1.27,1.34,1.62,0.39,0.76,2.84,2.82,0.87,1.98,0.77,1.36,1.88,2.15,1.27,1.9
Odisha,Baleshwar,1.55,1.75,0.94,1.55,1.75,1.5,1.41,1.6,1.4,1.57,1.8,2.07,0.79,1.24,2.27,1.68,2.72,2.3,2.65,2.5,3.11,2.63,3.1
Odisha,Bargarh,1.14,1.86,1.22,1.92,1.67,1.79,1.9,1.97,1.92,2.05,2.14,1.98,1.02,2.13,2.72,1.82,2.22,0.98,1.9,1.86,3.17,2.48,3.92
Odisha,Bhadrak,1.44,1.87,1.23,1.76,1.97,1.86,1.7,1.67,1.84,1.83,1.79,1.62,0.69,1.45,1.39,2.46,3.04,1.92,1.81,1.78,2.17,2.45,2.83
Odisha,Boudh,0.51,1.12,0.46,1.58,1.26,1.41,1.43,1.5,1.19,1.67,1.08,1.09,0.72,1.7,2.18,0.91,2.81,1.77,2.76,2.38,3.39,3.01,3.23
Odisha,Cuttack,1.09,1.36,1,0.9,1.49,1.55,1.21,1.3,1.13,1.58,1.41,1.45,0.72,1.27,2.08,1.64,2.63,1.91,2.28,2.48,2.27,2.31,2.32
Odisha,Deogarh,0.42,1.21,0.43,1.31,0.77,1.18,1.17,1.25,1.16,1.04,0.68,1.52,0.76,2.38,2.97,0.99,1.47,1.76,1.69,1.74,2.34,1.72,2.56
Odisha,Dhenkanal,0.58,1.74,0.48,1.67,1.28,1.73,1.36,1.74,1.56,1.46,1.29,1.98,0.73,2.55,3.14,1.53,2.7,1.3,3.05,2.47,2.88,2.8,3.22
Odisha,Gajapati,1.4,1.48,0.95,1.33,1.41,1.29,1.54,1.62,1.14,1.28,1.72,1.17,0.79,0.87,1.25,1.21,2.22,1.92,1.06,1.95,2.3,2.09,2.3
Odisha,Ganjam,1.05,1.74,0.76,1.26,1.25,1.12,1.77,1.89,1.42,1.63,1.35,0.56,0.62,0.35,2.3,1.61,2.19,1.29,1.52,2.12,2.56,1.77,2.49
Odisha,Jagatsinghapur,1.19,1.48,1.02,1.08,1.48,1.45,1.15,1.3,1.48,1.46,1.17,1.77,0.71,1.54,1.62,1.73,2.21,1.5,1.46,1.44,1.6,1.33,2.04
Odisha,Jajapur,0.74,1.42,0.69,1.13,1.16,1.54,1.18,1.32,1.36,1.63,1.22,0.95,0.63,0.98,1.64,1.12,2.21,1.26,1.57,1.56,1.67,1.55,2.2
Odisha,Jharsuguda,0.41,1.48,0.7,1.76,1.12,1.66,1.82,1.74,1.86,0.42,0.6,1.17,0.73,1.27,1.42,0.93,2.07,1.58,0.36,2.92,2.68,0.67,1.56
Odisha,Kalahandi,1.16,1.25,0.44,1.19,1,1,1.05,1.22,1.21,1.42,2.11,0.91,0.85,2.3,2.16,1.04,2.18,2.05,2.03,2.39,2.5,2.11,2.83
Odisha,Kandhamal,0.76,1.36,0.78,1.33,1.23,1.23,1.29,1.26,1.3,1.26,1.25,1.09,0.63,1.46,1.76,0.85,1.74,1.52,1.91,1.62,2.05,1.71,2.2
Odisha,Kendrapara,0.94,1.27,0.84,1.13,1.32,1.44,0.98,1.2,1.21,1.44,1.05,1.27,0.64,1.03,1.24,1.56,2.34,1.22,1.3,1.82,1.44,1.36,1.94
Odisha,Kendujhar,0.98,1.26,0.52,1.44,1.29,1.36,1.33,1.58,1.3,1.4,1.05,1.65,0.64,1.54,2.31,1.12,2.15,2.07,2.27,2.72,2.97,2.93,3.42
Odisha,Khordha,1.38,1.27,0.43,1.17,1.45,1.48,1.41,1.42,1.16,1.57,1.46,1.41,0.68,0.75,1.86,1.24,2.22,1.5,1.99,2.36,2.28,2,2.68
Odisha,Koraput,1.17,1.16,0.84,1.25,1.3,1.39,1.45,1.61,1.38,1.17,1.6,1.28,0.8,2.24,1.77,1.72,2.2,2.01,2.31,2.13,2.48,2.42,2.83
Odisha,Malkangiri,0.66,1,0.57,1.19,1.29,1.29,1.28,1.44,1.12,1.11,1.94,0.54,0.66,1.66,1.65,1.32,1.84,1.67,1.75,2.06,2.21,2.31,2.54
Odisha,Mayurbhanj,1.12,1.48,0.8,1.41,1.45,1.44,1.54,1.62,1.53,1.36,0.91,1.84,0.64,1.38,2.16,0.98,2.34,2.01,2.02,2.06,2.73,2.6,2.73
Odisha,Nabarangpur,1.07,1.11,0.53,1.5,1.34,1.26,1.36,1.62,1.41,1.59,2.22,1.2,0.94,3,2.33,1.32,2.62,2.46,1.49,3,2.93,2.79,3.15
Odisha,Nayagarh,0.96,1.28,0.55,1.19,1.03,1.18,1.18,1.43,1.15,1.15,1.28,0.59,0.65,0.69,1.58,0.72,1.82,1.14,2.05,2.2,2.06,1.65,2.16
Odisha,Nuapada,0.28,1.09,0.26,1.09,0.79,0.89,1.01,1.65,1.3,1.09,1.62,0.69,0.68,1.82,1.92,0.81,1.32,0.64,1.38,1.78,2.24,1.95,2.22
Odisha,Puri,1.17,1.57,0.83,1.12,1.47,1.41,1.25,1.38,1.1,1.55,1.47,1.35,0.92,1.3,1.71,1.63,2.22,1.45,1.95,2.02,2.04,1.54,2.1
Odisha,Rayagada,0.9,1.16,0.74,1.31,1.3,1.18,1.45,1.52,1.27,1.52,1.68,1.09,0.69,2.05,2.33,1.05,1.98,2.02,2.15,2.26,2.54,2.48,2.66
Odisha,Sambalpur,0.7,1.79,1.1,1.72,1.56,1.91,1.97,2.1,2.18,1.27,1.44,1.77,0.89,1.98,2.43,1.04,1.91,1.1,1.08,2.47,3,2.34,2.68
Odisha,Sonepur,1.24,1.81,1.02,1.42,1.67,2.04,2.01,1.95,1.89,2.26,2.34,2.12,1.01,3,3.3,2.46,3.27,2.34,3,3.15,3.56,3.4,3.69
Odisha,Sundargarh,0.54,0.92,0.34,0.97,1.01,1.11,1.19,1.36,1.33,0.7,0.64,1.72,0.7,1.92,2.49,1.15,1.65,1.72,1.17,1.63,2.3,1.87,1.7
Puducherry,Karaikal,1.95,1.91,0.95,1.69,1.06,1.22,2.45,1.43,1.34,1.56,1.88,1.95,1.63,2.11,1.83,1.42,0.99,1.79,2.29,2.08,1.51,2.1,2.17
Puducherry,Mahe,1.71,2,,,,,,,,,,,,,,,,,,,,0.18,
Puducherry,Pondicherry,2.39,2.71,2.77,2.73,2.75,2.52,2.9,2.64,2.68,2.64,2.59,2.49,3.18,3.31,3.42,3.06,3.8,3.49,3.75,3.44,3.11,3.2,3.19
Puducherry,Yanam,2.34,2.14,2.9,2.98,3.06,2.77,4.64,2.99,3.13,3.62,3.32,3.15,3.16,3.4,3.22,1.09,3.58,3.87,4.49,4.44,2.43,2.76,2.61
Punjab,Amritsar,3.87,3.86,3.56,3.5,3.7,3.68,3.6,3.75,3.47,3.39,3.5,3.81,3.8,3.92,3.35,3.67,4.07,4.28,3.89,3.89,4.05,4.03,4.18
Punjab,Barnala,,,,,,,,4.72,4.79,4.64,4.69,4.87,4.79,4.95,4.64,4.78,5.04,5.14,5.24,4.91,5.01,4.65,5.15
Punjab,Bathinda,3.93,3.83,3.91,3.88,4.07,3.93,4.2,4.31,4.55,4.18,4.44,4.71,4.63,4.81,4.67,4.61,4.99,5.03,5.18,4.93,4.82,4.48,4.85
Punjab,Faridkot,4.08,4.19,3.79,3.86,4.06,4.05,4.05,4.2,4.5,4.16,4.45,4.68,4.55,4.74,4.41,4.35,4.64,4.88,4.72,4.66,4.58,4.46,4.43
Punjab,Fatehgarh sahib,4.58,4.44,4.17,4.34,4.62,4.32,4.07,4.79,4.3,4.7,4.55,4.75,4.81,4.57,4.19,4.57,4.94,4.95,4.59,4.31,4.85,4.07,4.4
Punjab,Fazilka,,,,,,,,,,,,,4.28,4.38,3.98,3.93,4.39,4.23,4.4,4.49,4.19,3.86,4.21
Punjab,Gurdaspur,3.6,3.78,3.29,3.67,3.32,3.52,3.54,3.71,3.63,3.59,3.74,3.99,3.81,3.71,2.99,3.77,3.9,4.19,4.2,3.92,4.21,4.03,4.05
Punjab,Hoshiarpur,3.16,3.25,2.95,3.18,3.16,3.18,3.37,3.56,3.5,3.7,4,4.18,4.02,4.17,3.59,3.85,3.98,4.04,3.98,4.06,3.97,3.75,3.91
Punjab,Jalandhar,4.1,4.05,3.97,3.91,3.97,3.98,3.83,4.08,3.95,4.12,4.15,4.31,4.16,4.24,3.88,4.17,4.49,4.61,4.55,4.54,4.72,4.24,4.26
Punjab,Kapurthala,3.95,4.11,3.75,3.96,3.99,4.12,3.91,4.23,4,4.03,4.17,4.28,4.21,4.41,3.82,4.12,4.47,4.59,4.53,4.38,4.48,4.1,4.36
Punjab,Ludhiana,4.53,4.45,4.36,4.5,3.61,4.61,4.41,4.63,4.4,4.64,4.66,4.79,4.68,4.82,4.41,4.63,4.94,4.91,4.76,4.84,4.92,4.54,4.68
Punjab,Malerkotla,,,,,,,,,,,,,,,,,,,,,,4.79,5.09
Punjab,Mansa,4.22,3.88,3.77,4,4.14,3.84,4.26,4.23,4.48,4.24,4.59,4.62,4.31,4.72,4.18,4.37,4.79,4.95,5.02,4.84,4.87,4.5,4.85
Punjab,Moga,4.19,4.22,4.04,4.19,4.39,4.38,4.17,4.54,5.72,4.55,4.66,4.91,4.72,4.93,4.57,4.68,4.92,4.98,4.92,4.9,5,4.55,4.91
Punjab,Muktsar,4.17,4.06,3.84,3.99,3.93,3.9,4.16,4.6,4.63,4.38,4.58,4.5,4.48,4.67,4.14,4.45,4.63,4.67,4.88,4.46,4.73,4.38,4.43
Punjab,Nawanshahr,3.9,3.86,3.4,3.9,3.87,3.78,4.03,4.29,3.98,4.13,4.36,4.58,4.48,4.36,3.86,4.47,4.65,4.82,4.51,4.66,4.73,4.02,4.38
Punjab,Pathankot,,,,,,,,,,,,,3.44,3.36,2.56,3.51,3.42,3.49,3.43,3.47,3.97,3.59,3.35
Punjab,Patiala,3.93,4.26,3.96,3.97,4.16,4.07,4.38,4.49,4.46,4.38,4.28,4.67,4.38,4.56,4.17,4.27,4.7,4.77,4.69,4.35,4.72,4.1,4.52
Punjab,Rupnagar,3.32,3.41,3.13,3.32,3.28,3.4,3.48,3.83,3.47,3.83,3.76,4.1,4.05,4.01,3.71,4.24,4.56,4.53,4.06,3.98,4.39,3.85,4.15
Punjab,Sangrur,4.3,4.35,4.29,4.26,4.53,4.29,4.44,4.62,4.66,4.6,4.74,4.92,4.93,5.11,4.76,4.82,5.21,5.3,5.24,5.23,5.26,4.57,5.21
Punjab,Tarn taran,,,,,,,3.54,3.79,3.87,3.62,3.76,3.87,3.86,4.22,3.61,3.68,4.04,4.41,4.4,4.18,4.41,4.13,4.43
Rajasthan,Ajmer,0.35,0.81,0.15,0.98,0.58,0.19,0.86,0.73,0.69,0.12,1.28,1,1.22,1.16,0.9,0.81,1.09,1.05,1.16,1.37,1.31,1.12,1.12
Rajasthan,Alwar,2.19,2.14,1.83,2.21,2.14,1.9,2.42,2.36,2.54,2.05,2.66,2.67,2.77,2.68,2.55,2.5,2.99,2.84,2.97,2.87,3.31,3.12,2.73
Rajasthan,Banswara,0.72,1.17,1.08,1.65,1.08,1.31,0.82,1.48,1.55,1.14,1.74,1.39,1.49,1.48,1.35,1.23,1.47,1.75,1.82,1.7,2.02,2.03,1.98
Rajasthan,Baran,1.84,2.25,1.93,1.72,2.21,2.49,3,2.82,3.19,3.26,3.18,3.37,3.98,3.14,3.5,3.48,3.44,2.47,2.9,3.31,3.47,3.16,3.28
Rajasthan,Barmer,0.26,0.29,0.05,0.63,0.21,0.08,0.17,0.19,0.13,0.04,0.56,0.59,0.43,0.42,0.29,0.16,0.15,0.24,0.14,0.62,0.71,0.16,1.14
Rajasthan,Bharatpur,2.26,2.18,1.8,2.39,1.8,2.16,2.23,2.27,2.62,2.47,2.88,2.88,2.74,2.93,2.62,2.62,2.91,2.61,2.91,2.83,3.16,2.84,2.54
Rajasthan,Bhilwara,1.05,1.46,0.37,1.32,1.51,0.79,1.84,1.59,1.37,0.77,1.69,1.65,2.03,1.99,1.59,1.3,1.86,1.83,2.06,2.01,2.62,2.18,2.22
Rajasthan,Bikaner,0.25,0.4,0.73,0.8,0.35,0.33,0.55,0.42,0.66,0.27,0.89,0.82,0.85,0.88,0.9,0.88,0.87,0.83,0.81,0.85,0.71,0.71,0.9
Rajasthan,Bundi,1.66,1.92,1.2,1.93,2.46,2.33,2.9,2.75,2.84,2.19,2.91,3.23,3.29,2.87,1.92,2.78,2.74,2.35,2.49,2.71,2.93,2.7,2.98
Rajasthan,Chittorgarh,1.38,1.84,1.2,1.9,1.87,1.92,2.42,2.29,2.89,2.08,2.71,2.82,3.11,2.96,2.65,2.73,2.78,3.28,3.28,3.1,3.72,2.96,3.05
Rajasthan,Churu,0.16,0.62,0.1,0.69,0.26,0.13,0.38,0.43,0.6,0.11,0.56,0.41,0.58,0.43,0.54,0.45,0.42,0.42,0.44,0.42,0.53,0.5,0.45
Rajasthan,Dausa,1.88,2.23,1.67,2.27,1.67,1.81,2.08,2.15,2.25,2.05,2.2,2.37,2.53,2.46,2.47,2.16,2.55,2.44,2.59,2.54,2.75,2.69,2.54
Rajasthan,Dholpur,2.02,2.4,2.23,2.35,2.75,2.22,2.34,2.28,2.49,2.67,2.45,2.99,2.85,2.79,2.67,2.64,3.11,3.14,3.1,3.08,3.11,3.09,3.08
Rajasthan,Dungarpur,0.61,1.03,0.77,1.29,1.06,0.65,0.68,1.5,0.77,0.85,1.28,0.94,1.07,1.18,1.3,1.08,1.5,1.48,1.54,1.52,1.76,1.65,1.5
Rajasthan,Ganganagar,1.89,2.03,2.04,1.83,2.36,2.39,2.68,2.21,2.68,2.11,2.95,2.93,3,3.35,3.03,3.05,2.69,2.97,2.94,3.36,2.84,2.45,3.3
Rajasthan,Hanumangarh,1.63,1.6,1.79,1.18,1.85,1.45,1.9,1.57,1.96,1.73,1.85,2.09,2.78,2.61,2.72,2.63,2.15,2.72,2.98,2.37,2.37,1.9,2.39
Rajasthan,Jaipur,1.12,1.67,1.22,1.8,1.67,1.28,1.45,1.41,1.8,1.33,1.96,1.64,1.83,1.76,1.74,1.65,1.91,1.81,1.86,2.03,2.17,2.01,1.88
Rajasthan,Jaisalmer,0.32,0.4,0.92,0.64,0.19,0.44,0.34,0.33,0.21,0.15,0.68,0.66,0.54,0.61,0.33,0.72,0.56,0.51,0.63,0.6,0.41,0.57,0.61
Rajasthan,Jalore,0.35,0.55,0.23,1.18,0.42,0.46,0.86,0.67,0.44,0.16,0.97,1.24,1.12,0.55,0.83,0.47,0.56,0.49,0.36,1.05,1.02,0.39,0.9
Rajasthan,Jhalawar,1.31,1.49,1.13,1.85,1.75,1.82,2.16,2.14,1.96,2.13,2.12,2.69,2.48,2.23,2.49,2.49,2.49,2.57,2.49,2.69,3.02,3.1,3.03
Rajasthan,Jhunjhunu,0.91,1.13,0.92,1.39,1.01,0.89,1.23,1.12,1.51,1,1.69,1.81,1.68,1.71,1.88,1.51,1.81,1.56,1.78,1.71,1.64,1.5,1.39
Rajasthan,Jodhpur,0.22,0.63,1.11,0.96,0.37,0.21,0.29,0.61,0.44,0.16,0.94,1.03,0.57,0.58,1.05,0.72,0.74,0.9,0.7,1.01,0.98,0.66,0.83
Rajasthan,Karauli,1.38,1.7,1.05,2.38,2.05,1.84,2.01,2.21,2.31,2.42,2.7,2.55,2.53,2.6,2.61,2.45,2.74,2.83,2.81,2.86,2.86,2.87,3.03
Rajasthan,Nagaur,0.55,0.68,0.5,1.04,0.67,0.53,0.68,0.76,0.89,0.39,1.12,1,0.47,0.77,0.84,0.71,0.85,0.73,0.84,0.9,0.89,0.74,0.84
Rajasthan,Pali,0.36,0.71,0.3,0.87,0.6,0.32,0.85,0.81,0.54,0.17,0.95,0.86,0.92,0.8,0.79,0.85,0.99,0.8,0.84,0.99,1.06,0.77,0.95
Rajasthan,Pratapgarh,,,,,,,,,1.93,2.09,1.68,2.14,2.53,2.51,2.31,1.92,2.55,2.44,2.81,2.81,2.88,3.1,3.09
Rajasthan,Rajsamand,0.54,1.66,0.35,2.07,0.9,1.4,1.92,2.22,1.41,1.09,1.83,2.03,2.45,2.16,2.06,1.48,2.03,2.53,2.29,2.25,2.92,2.31,2.32
Rajasthan,Sawai madhopur,1.12,1.33,0.86,1.71,1.72,1.65,2.01,1.78,2.11,1.98,2.47,2.29,2.32,2.15,2.51,2.23,2.57,1.83,2.1,2.31,2.44,2.47,2.19
Rajasthan,Sikar,0.96,1.35,0.98,1.25,1.23,0.88,1.35,1,1.58,1.05,1.6,1.71,1.69,1.74,1.88,1.53,1.83,1.3,1.47,1.67,1.67,1.56,1.49
Rajasthan,Sirohi,0.92,1.35,0.52,1.59,0.75,1.19,1.25,1.57,1.25,0.75,1.8,1.55,1.85,1.52,1.48,1.68,1.66,0.86,1.8,2.02,2.32,1.94,2.17
Rajasthan,Tonk,0.68,0.78,0.42,1.06,1.16,0.9,1.04,1.14,1.08,0.65,1.49,1.3,1.44,1.26,1.14,1.2,1.34,1.17,1.18,1.32,1.3,1.35,1.21
Rajasthan,Udaipur,1.06,1.5,1.28,1.87,1.51,1.34,1.27,1.82,1.41,1.09,1.52,1.81,1.9,1.89,1.75,1.55,1.74,1.74,2.13,1.68,2.17,1.97,1.95
Sikkim,Gangtok,1.36,1.39,1.31,1.35,1.81,1.86,1.4,1.12,2.01,1.44,1.52,1.59,1.63,1.65,1.65,1.68,1.64,1.64,1.63,1.64,1.64,1.6,1.64
Sikkim,Geyzing,1.37,1.33,1.37,1.49,1.52,2.11,1.83,1.38,1.51,1.54,1.79,1.58,1.61,1.63,1.64,1.68,1.67,1.67,1.71,1.68,1.69,1.66,1.67
Sikkim,Mangan,1.34,1.15,1.15,1.31,1.25,1.64,1.25,1.2,1.31,1.16,1.21,1.23,1.35,1.38,1.4,1.43,1.41,1.42,1.43,1.43,1.43,1.41,1.44
Sikkim,Namchi,1.34,1.27,1.37,1.38,1.37,3.8,1.48,1.53,1.04,1.42,10.92,1.52,1.59,1.62,1.62,1.65,1.63,1.63,1.62,1.63,1.64,1.55,1.67
Sikkim,Pakyong,,,,,,,,,,,,,,,,,,,,,,,1.63
Sikkim,Soreng,,,,,,,,,,,,,,,,,,,,,,,1.75
Tamil Nadu,Ariyalur,,,,,,,,,0,2.63,2.91,4.11,2.14,4.89,6.1,5.47,2.84,5.12,4.11,4.54,2.77,4.1,4.22
Tamil Nadu,Chengalpattu,,,,,,,,,,,,,,,,,,,,1.88,3.76,4.15,4.11
Tamil Nadu,Chennai,,,,,,,,,,,,,,,,,,,0,0,0,0,2.89
Tamil Nadu,Coimbatore,0.85,0.75,0.56,0.49,0.6,0.45,1.71,1.53,4.02,1.19,2.87,1.8,2.22,1.94,2.23,1.5,0.86,1.4,1.54,1.51,1.45,1.46,1.36
Tamil Nadu,Cuddalore,2.59,2.73,2.14,2.3,2.12,1.52,3.03,2.2,1.56,2.14,1.9,1.62,2.27,3.32,3.92,2.81,2.48,3.5,3.02,3.37,2.62,3.06,3.12
Tamil Nadu,Dharmapuri,1.42,1.98,0.98,0.9,1.16,1.5,2.1,2.01,2,1.94,2.55,2.41,2.04,2.63,2.97,2.42,1.63,2.69,1.66,2.15,2.24,2.25,2.09
Tamil Nadu,Dindigul,1.72,2.02,1.34,1.22,1.43,0.95,2.62,2.7,4.05,3.73,4.59,4.12,2.76,3.72,4.01,3.94,0.69,3.32,2.89,2.58,2.6,3,3.29
Tamil Nadu,Erode,2.7,3.1,1.73,0.9,2.44,2.28,3.55,3.69,5.72,4.17,4.05,4.15,3.7,4.96,4.91,4.76,2.44,4.87,5.11,4.96,5.78,5.04,5.03
Tamil Nadu,Kallakurichi,,,,,,,,,,,,,,,,,,,,1.68,3.11,3.19,3.47
Tamil Nadu,Kanchipuram,3.07,3.5,2.77,2.86,2.9,2.47,3.8,3.75,3.61,3.63,3.87,4.32,4.39,4.47,4.55,4.17,3.73,4.24,4.41,4.83,3.8,3.65,3.67
Tamil Nadu,Kanniyakumari,4.09,3.86,3.42,2.78,3.59,3.52,4.14,4.24,4.48,4.26,4.61,5.23,4.53,4.52,4.73,4.08,3.84,3.34,3.92,3.9,4.12,3.65,3.59
Tamil Nadu,Karur,0.9,1.27,0.97,0.71,1,1.09,1.33,1.33,1.7,1.9,3.01,2.12,2.8,2.53,2.66,1.82,1.04,1.53,1.6,1.34,1.34,1.31,1.76
Tamil Nadu,Krishnagiri,,,,1.08,1.22,1.19,1.34,1.68,1.71,2.09,2.23,2.41,1.75,2.54,2.62,2.45,1.98,2.99,2.67,2.43,2.62,2.32,2.39
Tamil Nadu,Madurai,3.29,3.26,1.88,1.61,2.45,2.53,3.08,2.65,3.09,3.09,3.91,3.91,2.82,3.6,3.73,3.32,1.68,3.35,3.56,3.79,3.59,3.64,3.66
Tamil Nadu,Mayiladuthurai,,,,,,,,,,,,,,,,,,,,,2.36,2.56,2.27
Tamil Nadu,Nagapattinam,2.45,1.87,1,1.52,0.71,0.67,2.72,1.18,0.87,1.9,1.49,2.4,1.11,2.82,2.58,1.52,1.26,2.04,2.43,2.47,1.46,2.25,2.44
Tamil Nadu,Namakkal,1.64,2.44,1.21,1.12,1.13,1.77,2.34,2.37,2.91,2.76,3.7,2.85,2.26,2.53,2.57,1.96,1.14,1.39,1.36,1.16,1.3,1.31,1.63
Tamil Nadu,Perambalur,2.23,1.88,1.26,1.47,1.58,1.05,2.36,1.63,3.4,2.37,3.08,5.29,2.04,6.71,9.12,5.52,2.4,9.7,7.19,9.15,7.75,8.2,8.34
Tamil Nadu,Pudukkottai,2.97,2.55,1.99,1.77,2.82,2.33,3.05,1.87,1.97,2.12,2.37,3.67,2.96,2.06,4.21,3.61,1.12,2.15,2.68,3.13,2.27,2.94,3.46
Tamil Nadu,Ramanathapuram,0.7,1.34,1.24,0.21,1.93,1.83,1.66,0.27,1.55,1.7,1.89,3.27,0.61,0.39,3.44,2.55,0.02,0.36,0.56,2.44,2.5,2.23,0.86
Tamil Nadu,Ranipet,,,,,,,,,,,,,,,,,,,,0.92,4.04,3.61,3.75
Tamil Nadu,Sivaganga,1.95,2.05,1.73,0.7,2.07,2.12,1.34,1.02,1.61,1.78,2.24,3.66,1.83,0.75,3.43,2.78,0.66,0.9,0.66,2.63,2.47,2.66,2.56
Tamil Nadu,Thanjavur,2.86,2.67,2.15,2.71,2.44,2.36,3.35,2.54,1.9,2.4,2.47,3.51,2.69,4.35,3.55,3.22,2.48,3.43,3.33,3.42,2.72,3.54,3.34
Tamil Nadu,The nilgiris,2.46,3.87,3.33,3.44,3.29,3.3,3.18,3.86,3.93,3.42,3.55,4.08,3.97,4.26,3.97,4.45,3.99,3.73,4.18,3.97,4.08,3.99,3.67
Tamil Nadu,Theni,1.74,2.96,2.1,1.77,2.21,2.12,3.02,3.47,4.19,4.3,4.96,4.51,4.72,4.68,5.14,3.95,2.32,3.79,4.26,3.29,3.14,3.08,2.93
Tamil Nadu,Thenkasi,,,,,,,,,,,,,,,,,,,,1.32,2.51,2.62,2.67
Tamil Nadu,Thiruvallur,3.46,3.1,2.86,2.23,2.61,2.53,3.3,3.39,3.65,3.02,2.72,3.53,3.51,4.29,4.05,3.07,2.78,3.72,3.97,4.02,3.77,3.09,3.47
Tamil Nadu,Thiruvarur,1.92,1.97,0.76,1.17,1.19,1.15,2.39,1.35,0.87,2.07,1.21,3.08,1.12,3.28,3.01,2.33,1.36,2.61,2.51,2.73,2.19,2.9,2.64
Tamil Nadu,Thoothukudi,1.39,1.41,1.48,1.45,1.51,1.35,1.79,1.65,1.99,1.77,1.48,2.4,0.67,1.38,2.44,1.78,0.26,1.49,3.32,1.86,1.39,1.98,1.99
Tamil Nadu,Tiruchirappalli,2.26,2.75,1.9,1.65,1.97,1.9,2.89,2.4,2.47,3.02,3.69,3.46,2.81,3.11,3.58,3.3,1.94,4.26,3.93,3.47,3.01,3.42,3.56
Tamil Nadu,Tirunelveli,2.87,3.35,3.01,2.56,2.99,2.56,3.31,3.11,3.48,3.6,3.71,4.76,3.15,4.39,4.59,4.16,1.49,3.47,3.78,3.01,3.73,3.58,3.42
Tamil Nadu,Tirupathur,,,,,,,,,,,,,,,,,,,,0.79,1.77,2.06,2.37
Tamil Nadu,Tiruppur,,,,,,,,,0,3.15,3.36,4.31,3.72,3.16,2.78,3.12,1.05,3.17,2.53,3.17,3.05,2.82,3.09
Tamil Nadu,Tiruvannamalai,2.16,2.51,1.67,1.83,2.37,2.47,2.95,3.07,2.88,2.75,2.7,2.92,3.19,3.58,3.75,3.43,2.63,3.72,2.79,3.46,3.37,3.01,3.21
Tamil Nadu,Vellore,1.92,2.7,1.73,1.65,1.62,2,2.12,2.36,2.54,2.37,2.71,2.76,2.84,3.23,3.72,2.9,2.86,3.51,3.06,3.06,2.41,2.36,2.24
Tamil Nadu,Villupuram,2.1,2.93,1.99,1.81,2.68,2.56,2.92,2.78,2.7,2.75,3.13,3.23,2.96,3.82,4.01,3.5,2.63,3.37,2.83,3.36,2.92,3.02,2.98
Tamil Nadu,Virudhunagar,1.94,2.05,1.75,1.25,1.74,1.53,3.52,2.51,2.74,2.06,2.63,3.55,1.74,3.38,4.64,3.75,0.8,3.74,4.9,4.18,3.65,4.04,4.03
Telangana,Adilabad,1.29,1.45,1.06,1.47,0.98,1.57,1.46,1.6,1.86,1.38,1.77,1.8,1.81,1.92,1.71,1.95,1.36,1.5,1.6,1.78,1.8,1.49,1.67
Telangana,Bhadradri,,,,,,,,,,,,,,,,,3.71,3.43,3.41,3.81,2.7,3.63,3.89
Telangana,Hyderabad,2.88,,,,,,,,,,,,,,,,,,,,,,
Telangana,Jagitial,,,,,,,,,,,,,,,,,3.78,3.3,4.29,4.26,3.8,3.87,3.91
Telangana,Jangoan,,,,,,,,,,,,,,,,,3.39,3.24,3.25,3.59,3.14,3.14,2.61
Telangana,Jayashankar,,,,,,,,,,,,,,,,,3.43,3.23,3.72,3.72,3.69,3.42,3.38
Telangana,Jogulamba,,,,,,,,,,,,,,,,,1.35,2.09,1.61,2.59,2.44,2.29,3.04
Telangana,Kamareddy,,,,,,,,,,,,,,,,,3.47,3.36,3.77,4.24,3.51,3.74,3.75
Telangana,Karimnagar,3.07,2.99,2.67,3.19,2.13,3.4,3.16,4.1,3.68,3.04,3.61,3.19,3.82,3.85,3.81,3.48,4.6,3.92,4.06,3.95,3.82,3.55,3.31
Telangana,Khammam,2.15,2.08,1.25,2.19,2.24,2.28,2.34,2.92,3.15,2.71,3.15,2.56,3.12,3.24,3.21,3.05,3.24,3.57,3.51,4.26,3.81,3.59,3.84
Telangana,Komaram bheem asifabad,,,,,,,,,,,,,,,,,1.71,1.35,1.68,2.23,2.11,1.73,2.06
Telangana,Mahabubabad,,,,,,,,,,,,,,,,,2.98,2.92,3.02,3.75,3.22,3.1,3.56
Telangana,Mahbubnagar,1.27,1.12,1.04,1.29,1.1,1.93,1.3,2.23,1.62,1.24,1.9,1.28,2,2.67,1.77,1.13,1.22,1.41,1.33,2.24,2.54,3.02,3.28
Telangana,Mancherial,,,,,,,,,,,,,,,,,3.06,2.46,3.29,3.23,2.98,2.65,3.12
Telangana,Medak,1.48,1.54,1.3,1.41,1.27,1.89,1.43,2.32,1.79,1.17,2.43,2.19,3.02,2.98,2.06,1.89,3.17,3.13,3.11,4.01,3.5,3.66,3.46
Telangana,Medchal,,,,,,,,,,,,,,,,,3.38,3.56,3.65,3.7,3.14,3.57,3.8
Telangana,Mulugu,,,,,,,,,,,,,,,,,,,3.75,3.89,3.16,3.17,3.22
Telangana,Nagarkurnool,,,,,,,,,,,,,,,,,1.22,2.06,1.24,2.92,2.84,2.78,3.48
Telangana,Nalgonda,2.18,1.92,1.35,1.54,1.87,2.4,2.22,2.49,2.67,2.72,2.76,2.44,2.54,2.72,2.97,2.45,2.98,2.81,3.09,3.38,3.46,3.29,3.53
Telangana,Narayanapet,,,,,,,,,,,,,,,,,,,1.14,2.03,2.19,2.3,2.87
Telangana,Nirmal,,,,,,,,,,,,,,,,,3.4,3.7,3.73,4.56,3.81,4.16,4.01
Telangana,Nizamabad,2.49,2.35,1.82,2.51,1.91,2.84,2.53,3.08,3.37,2.56,3.42,3.61,3.74,3.91,3.54,2.58,4.01,3.79,4.06,4.16,3.8,3.94,4.08
Telangana,Peddapalli,,,,,,,,,,,,,,,,,4.2,3.72,4.07,4.06,3.55,3.42,3.75
Telangana,Rajanna,,,,,,,,,,,,,,,,,3.82,3.09,3.6,4.11,3.46,3.82,3.62
Telangana,Sangareddy,,,,,,,,,,,,,,,,,1.74,2.21,1.61,2.2,1.92,2.28,2.8
Telangana,Siddipet,,,,,,,,,,,,,,,,,2.91,3.26,2.71,3.85,3.61,3.67,3.31
Telangana,Suryapet,,,,,,,,,,,,,,,,,2.84,3.13,3.17,3.46,3.4,3.22,3.52
Telangana,Vikarabad,,,,,,,,,,,,,,,,,1.66,1.61,1.59,2.51,1.79,2.12,2.4
Telangana,Wanaparthy,,,,,,,,,,,,,,,,,1.85,2.17,2.48,3.05,2.83,3.16,3.4
Telangana,Warangal,2.29,2.35,1.83,2.53,2.42,2.93,2.57,2.86,2.95,2.07,2.91,2.64,3.34,3.47,3.44,3.36,4.85,4.57,4.85,4.83,4.4,4.72,4.13
Telangana,Warangal urban,,,,,,,,,,,,,,,,,4.39,4.61,4.11,4.54,3.82,4.4,4.26
Telangana,Yadadri,,,,,,,,,,,,,,,,,3.06,3.19,3.08,3.39,3,3.14,3.43
Tripura,Dhalai,1.98,1.85,1.82,1.95,1.79,1.75,2.05,2.15,2.2,2.21,2.2,2.32,2.31,2.3,2.43,2.22,2.2,2.27,2.29,2.29,2.42,2.41,2.54
Tripura,Gomati,,,,,,,,,,,,,2.84,2.85,3,2.68,2.69,2.68,2.71,2.8,2.73,2.93,3.11
Tripura,Khowai,,,,,,,,,,,,,2.72,2.66,2.75,2.8,2.63,2.69,2.6,2.63,2.63,2.9,2.98
Tripura,North tripura,2.09,2.24,2.04,2.25,2.07,2.4,2.24,2.15,2.47,2.3,2.42,2.42,2.44,2.27,2.4,2.38,2.39,2.28,2.28,2.46,2.51,2.66,2.83
Tripura,Sepahijala,,,,,,,,,,,,,3.01,2.98,3.1,3.2,3.11,3.07,3.06,3.07,3.1,3.26,3.4
Tripura,South tripura,2.31,2.44,2.4,2.48,2.41,2.56,2.62,2.61,2.67,2.69,2.71,2.72,2.77,2.89,2.91,2.94,3.01,3.09,3.01,3.12,3.04,3.1,3.15
Tripura,Unakoti,,,,,,,,,,,,,2.66,2.58,2.77,2.8,2.59,2.73,2.62,2.8,2.73,2.89,2.97
Tripura,West tripura,2.33,2.53,2.49,2.5,2.46,2.26,2.49,2.6,2.52,2.65,2.71,2.75,2.82,2.79,2.87,2.81,2.79,2.56,2.7,2.94,2.93,3.05,3.23
Uttar Pradesh,Aligarh,2.63,2.5,2.67,2.57,2.54,2.53,2.33,2.59,2.78,2.54,2.76,2.91,2.95,3.14,2.26,2.74,3.11,3.4,3.28,3.3,3.31,3.29,3.2
Uttar Pradesh,Allahabad,1.83,1.85,1.74,2.15,1.68,1.88,1.99,1.98,2.21,1.84,2.13,2.33,2.36,2.22,1.44,1.69,2.57,2.99,3,2.59,3.02,2.58,2.37
Uttar Pradesh,Ambedkar nagar,2.48,2.35,2.4,2.73,2.35,2.65,2.28,2.79,2.92,2.78,2.89,2.95,3,3.03,2.31,2.6,2.98,3.56,3.47,3.42,3.37,3.14,3
Uttar Pradesh,Amethi,,,,,,,,,,,2.25,2.39,2.66,2.18,1.58,2.04,2.56,2.97,2.96,2.74,3.1,2.69,2.67
Uttar Pradesh,Amroha,2.65,2.79,2.55,2.69,2.38,2.61,2.74,2.75,2.73,2.55,2.75,2.76,2.78,2.85,2.13,2.7,3.03,3.24,3.34,3.41,3.57,3.51,3.54
Uttar Pradesh,Auraiya,2.48,2.52,2.28,2.37,2.32,2.42,2.57,2.54,3.07,2.58,2.97,3.15,3.11,3.23,2.37,2.71,3.26,3.2,3.38,3.37,3.58,3.38,3.47
Uttar Pradesh,Azamgarh,2,2.18,1.83,2.2,1.52,2.07,1.91,2.2,2.31,2.16,2.39,2.51,2.52,2.6,2.03,2.34,2.77,2.87,3.02,2.91,2.95,2.9,2.96
Uttar Pradesh,Baghpat,3.23,3.29,3.5,3.44,3.47,3.18,3.8,3.26,3.61,3.48,3.87,4.01,4.22,4.2,3.24,3.83,4.4,4.19,4.31,4.21,4.35,4.3,4.28
Uttar Pradesh,Bahraich,1.61,1.79,1.67,1.91,1.96,1.93,1.79,1.9,1.99,1.92,2.06,2.16,2.21,2.37,1.96,2.01,2.25,2.76,2.61,2.37,2.57,2.37,2.31
Uttar Pradesh,Ballia,1.92,1.99,1.64,1.86,1.23,1.7,1.75,2.01,2.17,1.88,2.26,2.63,2.59,2.32,2,2.05,2.81,2.8,2.94,2.98,2.85,2.8,2.7
Uttar Pradesh,Balrampur,1.64,1.8,1.22,1.77,1.79,2.03,1.87,2.39,2.41,1.99,2.18,2.18,2.2,2.17,1.76,1.84,2.17,2.61,2.71,2.8,2.74,2.51,2.26
Uttar Pradesh,Banda,0.99,1.22,1.02,1.3,1.2,1.07,0.91,0.82,1.26,1.03,1.17,1.52,1.61,1.24,0.72,0.8,1.69,1.67,2.09,2.15,2.11,2.14,2.29
Uttar Pradesh,Barabanki,2.05,2.27,2.21,2.4,2.5,2.52,2.21,1.94,2.35,2.49,2.62,2.91,3.15,3,2.44,2.71,2.97,3.21,3.2,3.48,3.58,3,2.87
Uttar Pradesh,Bareilly,2.25,2.29,2.19,2.35,2.17,2.2,2.22,2.38,2.32,2.3,2.3,2.8,2.6,2.68,1.9,2.47,2.95,3.06,3.29,2.75,3.46,3.21,3.36
Uttar Pradesh,Basti,2.23,2.16,1.57,2.18,1.89,1.92,1.86,1.98,2.31,2.23,2.38,2.79,2.64,2.82,2,2.23,2.59,3.38,3.22,2.82,3.02,2.96,3.02
Uttar Pradesh,Bijnor,2.65,2.89,2.66,2.63,2.73,2.69,2.75,2.76,2.8,2.67,2.77,2.91,2.94,3.02,2.64,2.89,3.18,3.32,3.36,3.23,3.56,3.47,3.41
Uttar Pradesh,Budaun,2.35,2.15,2.01,2.34,2.03,2.2,2.23,2.23,2.42,2.72,2.62,2.67,2.58,2.74,1.91,2.21,2.56,2.63,2.91,3.05,3.09,3.02,3.15
Uttar Pradesh,Bulandshahr,2.98,3.11,3.05,2.83,2.88,2.77,2.97,2.89,3.16,3,3.09,3.26,3.26,3.31,2.55,3.22,3.37,3.68,3.65,3.56,3.56,3.57,3.31
Uttar Pradesh,Chandauli,1.97,2.29,1.9,2.35,1.63,1.93,2.32,2.28,2.38,1.92,2.49,2.46,2.72,2.5,2.11,2.4,2.62,3.04,3.26,3.17,3.24,3.22,3.08
Uttar Pradesh,Chitrakoot,1,1.2,1.23,1.42,1.2,1.08,0.74,0.69,1.09,1.04,0.99,1.49,1.5,1.09,0.68,0.73,1.65,1.54,1.58,1.63,2.06,1.91,2.09
Uttar Pradesh,Deoria,2.51,2.21,1.94,2.27,2,2,2.06,2.3,2.39,2.01,2.46,2.62,2.66,2.71,1.92,1.76,2.72,2.7,2.69,2.99,2.8,2.79,3
Uttar Pradesh,Etah,2.44,2.26,2.14,2.3,2.2,2.37,2.36,2.41,2.64,2.65,2.66,3.08,3.07,3.21,2.3,2.56,3.17,3.24,3.28,3.73,3.64,3.46,3.53
Uttar Pradesh,Etawah,2.16,2.3,2.41,2.3,2.54,2.55,2.53,2.42,2.95,2.54,2.82,3.05,3.24,3.1,1.95,2.75,3.27,3.09,3.53,3.36,3.42,3.24,3.33
Uttar Pradesh,Faizabad,2.1,2.26,2.08,2.55,2.33,2.51,2.11,2.32,2.47,2.35,2.43,2.57,2.63,2.41,2.02,2.32,2.81,3.04,3.25,3.2,3.09,2.87,2.75
Uttar Pradesh,Farrukhabad,2.62,2.6,2.44,2.43,2.52,2.54,2.43,2.47,2.92,2.77,2.71,3.03,3.11,2.88,2.17,2.54,3.13,3.74,3.72,3.8,3.64,3.34,3.46
Uttar Pradesh,Fatehpur,1.78,1.99,1.86,1.97,1.97,1.83,1.79,1.92,2.23,2.06,2.36,2.49,2.52,2.54,1.53,1.97,2.58,2.71,3.05,3.1,2.95,2.86,2.82
Uttar Pradesh,Firozabad,2.28,2.21,2.25,2.27,2.49,2.65,2.51,2.64,2.87,2.85,2.92,3.01,3.04,3.01,2.06,2.69,3.04,2.87,3.02,3.24,3.37,2.94,3.32
Uttar Pradesh,Gautam buddha nagar,2.8,3.09,2.89,2.68,2.88,2.66,2.48,2.85,2.84,3.13,3.12,3.23,3.18,3.33,2.34,3,3.17,3.14,3.55,3.77,3.58,3.16,3.31
Uttar Pradesh,Ghaziabad,2.98,3.08,3.22,3.21,3.15,3.21,3.47,3.18,3.55,3.24,3.58,3.78,3.83,3.68,3.09,3.3,3.63,3.63,3.79,3.68,3.89,3.73,3.53
Uttar Pradesh,Ghazipur,1.98,2.07,1.79,2.08,1.43,2.03,2.03,2.16,2.32,2,2.26,2.38,2.46,2.23,1.86,2.21,2.53,2.56,2.81,2.88,3.05,3.09,3.23
Uttar Pradesh,Gonda,1.91,2.09,1.72,2.05,1.85,2.03,1.88,2.05,2.17,2.17,2.28,2.34,2.34,2.39,2.09,2.27,2.42,2.4,2.46,2.59,2.59,2.47,2.46
Uttar Pradesh,Gorakhpur,2.08,2.14,1.81,2.14,1.99,2,2.09,2.29,2.29,2.24,2.47,2.63,2.7,2.83,1.92,1.84,2.8,3.43,3.33,3.24,3.09,2.96,3.11
Uttar Pradesh,Hamirpur,0.99,1.23,1.15,1.25,1.1,1.49,0.91,0.81,1.41,1.2,1.33,1.53,1.69,1.46,0.83,1.06,1.78,1.75,2.04,1.96,1.92,1.97,2.12
Uttar Pradesh,Hapur,,,,,,,,,,,,,4.02,3.91,2.94,3.37,3.67,3.64,3.54,3.81,3.57,3.69,3.41
Uttar Pradesh,Hardoi,2.12,2.08,2.27,2.27,2.42,2.27,2.38,2.36,2.49,2.55,2.64,2.83,2.7,2.94,2,2.56,2.96,3.05,3.02,3.12,3.21,3.13,3.22
Uttar Pradesh,Hathras,2.68,2.19,2.74,2.56,2.53,2.57,2.22,2.47,2.25,2.34,2.4,2.68,2.78,2.91,2.18,2.66,3,3.01,3.23,3.17,3.34,3.14,3.14
Uttar Pradesh,Jalaun,1.5,2,1.88,1.65,2.32,2.19,1.51,1.09,2.29,1.82,2.12,2.41,2.41,2.11,1.01,1.4,2.61,2.84,2.79,2.74,2.71,2.49,2.57
Uttar Pradesh,Jaunpur,2.2,2.09,2.01,2.13,1.72,2.07,2.1,2.14,2.3,2.21,2.31,2.48,2.56,2.36,1.98,2.13,2.59,2.74,2.91,3.01,3.01,3.08,3.26
Uttar Pradesh,Jhansi,1.29,1.61,1.42,1.28,1.79,1.61,1.1,1.08,1.86,1.38,1.68,2.13,1.86,0.99,0.8,1.43,1.85,1.66,2.26,2.27,1.93,1.97,2.03
Uttar Pradesh,Kannauj,2.74,2.38,2.17,2.3,2.49,2.54,2.54,2.66,2.77,2.65,2.88,3.05,3.04,2.95,1.63,2.54,3.06,3.67,3.47,4.29,3.61,3.28,3.26
Uttar Pradesh,Kanpur dehat,,,1.12,2.51,2.42,2.29,2.36,2.35,2.71,2.46,2.8,2.97,2.89,2.81,1.6,2.38,3.41,3.24,3.5,3.4,3.21,3.01,3.1
Uttar Pradesh,Kanpur nagar,2.24,2.34,2.23,2.37,2.08,2.19,2.08,2.05,2.34,2.27,2.56,2.65,2.67,2.8,1.43,1.9,2.98,3.24,3.08,3.15,3.22,2.84,2.99
Uttar Pradesh,Kasganj,,,,,,,,,,2.48,2.64,3.1,3.05,3.13,2.65,2.64,2.99,3.17,3.36,3.51,3.45,3.27,3.35
Uttar Pradesh,Kaushambi,1.81,1.99,1.63,1.95,1.96,1.75,1.65,1.67,2.14,1.91,2.05,2.38,2.33,2.02,1.49,1.85,2.49,2.52,2.84,2.49,2.67,2.73,2.88
Uttar Pradesh,Kheri,2.41,2.57,2.27,2.46,2.41,2.48,2.39,2.51,2.44,2.34,2.64,2.75,2.86,3.03,2.57,2.89,3.12,3.43,3.64,3.59,3.58,3.29,3.25
Uttar Pradesh,Lalitpur,1.05,1.11,0.8,1.1,1.51,1.34,1.19,1,1.29,1.33,1.47,1.6,1.67,1.23,1.4,0.83,1.77,1.49,1.91,1.65,1.7,1.82,1.95
Uttar Pradesh,Lucknow,1.91,1.97,2.02,2,2.12,2.14,2.16,2.07,2.27,2.29,2.29,2.22,2.37,2.41,1.9,2.02,2.31,2.83,3.03,2.69,2.78,2.91,2.9
Uttar Pradesh,Maharajganj,2.57,2.35,2.38,2.57,2.36,1.9,2.45,2.51,2.48,2.6,2.61,2.75,2.8,2.82,2.36,2.65,2.93,2.91,3.42,3.31,3.12,3.01,3.05
Uttar Pradesh,Mahoba,0.81,1.06,0.76,0.85,1.28,0.86,0.74,0.32,1.08,0.74,0.75,1.06,1.15,0.92,0.54,0.34,1.44,0.87,1.53,1.68,1.36,1.48,2.14
Uttar Pradesh,Mainpuri,2.57,2.54,2.4,2.35,2.39,2.63,2.54,2.68,2.83,2.71,2.93,3.17,3.11,3.18,2.41,2.98,3.36,3.71,3.81,3.62,3.72,3.35,3.16
Uttar Pradesh,Mathura,2.79,2.53,2.91,2.75,2.75,2.89,2.41,3.05,3.21,2.76,3.07,3.08,3.17,2.98,2.01,2.88,3.34,2.97,3.3,2.61,3.12,3.04,2.98
Uttar Pradesh,Mau,2.05,2.14,2.13,2.27,1.72,2.04,1.71,2.19,2.34,1.96,2.33,2.66,2.73,2.55,1.9,1.98,2.78,3,3.15,3.03,3.15,3.01,2.91
Uttar Pradesh,Meerut,3.24,3.29,3.34,3.41,3.41,3.4,3.45,3.43,3.3,3.38,3.64,3.82,3.76,3.91,3.11,3.76,3.97,4.02,4.25,4.15,4.21,3.87,3.9
Uttar Pradesh,Mirzapur,1.76,1.86,1.72,1.88,1.21,1.38,1.74,1.48,1.78,1.56,1.92,2.11,2.2,2.13,1.81,1.57,2.36,2.42,2.65,2.35,2.84,2.84,2.88
Uttar Pradesh,Moradabad,2.61,2.54,2.39,2.59,2.32,2.34,2.36,2.51,2.6,2.47,2.35,2.54,2.68,2.71,1.88,2.67,2.9,3.04,3.27,3.25,3.75,3.53,3.47
Uttar Pradesh,Muzaffarnagar,3.09,3.37,3.07,3.19,3.15,3.18,2.98,3.11,3.05,3.2,3.05,3.53,3.42,3.48,2.73,3.37,3.87,3.76,3.95,3.77,4.06,3.75,4.08
Uttar Pradesh,Pilibhit,2.9,2.99,2.86,2.85,2.82,2.9,2.81,3.23,2.91,2.96,3.09,3.28,3.14,3.21,2.58,3.43,3.62,3.72,3.75,3.82,4.02,3.66,3.7
Uttar Pradesh,Pratapgarh,1.81,1.9,1.79,2.24,1.82,1.88,2.01,1.96,2.27,2.05,2.27,2.44,2.42,2.42,1.64,1.9,2.5,2.6,2.83,2.82,2.83,2.75,2.86
Uttar Pradesh,Rae bareli,1.72,1.96,1.85,1.95,2.03,1.99,1.89,2.03,2.21,2.19,2.28,2.35,2.42,2.48,1.73,1.85,2.62,2.69,2.73,2.74,3.16,2.7,2.93
Uttar Pradesh,Rampur,2.87,2.85,2.57,2.74,2.57,2.47,2.6,2.79,2.65,2.75,2.6,2.77,2.79,2.77,1.98,2.79,3.11,3.14,3.44,3.42,3.63,3.47,3.38
Uttar Pradesh,Saharanpur,2.6,2.59,2.55,2.49,2.48,2.52,2.58,2.57,2.63,2.66,2.6,2.96,2.99,2.96,2.14,2.83,3.17,3.34,3.54,3.38,3.6,3.47,3.44
Uttar Pradesh,Sambhal,,,,,,,,,,,,,2.4,2.59,1.81,2.33,2.63,2.69,2.96,2.96,3.22,3.06,3.03
Uttar Pradesh,Sant ravidas nagar,2.06,2.02,2.06,2.14,1.18,1.77,1.83,1.78,2.16,1.91,2.28,2.64,2.46,2.4,1.65,1.98,2.79,3.19,3.12,2.53,3.01,2.96,2.61
Uttar Pradesh,Shahjahanpur,2.72,2.77,2.62,2.67,2.73,2.86,2.79,2.98,2.8,2.98,2.69,3.08,3,3.06,2.24,3.28,3.44,3.44,3.73,3.75,3.94,3.72,3.59
Uttar Pradesh,Shamli,,,,,,,,,,,,,3.37,3.36,2.87,3.6,3.76,4.08,3.95,4.28,4.23,3.88,4.19
Uttar Pradesh,Shravasti,1.65,1.77,1.3,1.86,1.76,1.83,1.59,1.68,2.06,2.03,1.92,1.99,2.1,2.17,2.09,2.06,2.46,2.53,2.6,2.41,2.57,2.3,2.43
Uttar Pradesh,Siddharth nagar,2.08,2.04,1.37,2.19,1.28,2.07,1.87,2.12,2.4,2.19,2.7,2.93,3.01,3.19,2.45,2.71,3.05,3.2,3.68,3.38,3.33,3.29,3.14
Uttar Pradesh,Sitapur,1.69,1.88,1.87,1.97,1.86,2,1.93,2.05,2.2,2.09,2.35,2.49,2.58,2.54,1.89,2.17,2.63,2.63,2.76,2.86,2.97,3,2.74
Uttar Pradesh,Sonbhadra,1.12,1.46,1.28,1.47,0.69,0.9,1.13,0.99,1.08,1.32,1.27,1.49,1.66,1.78,1.52,1.24,1.85,1.88,2.07,2,2.08,2.17,2.22
Uttar Pradesh,Sultanpur,2.13,2.27,2.19,2.35,2.22,2.27,2.08,2.22,2.35,2.33,2.54,2.6,2.57,2.17,1.87,2.26,2.63,3.31,3.56,3.22,3.16,3.21,3.05
Uttar Pradesh,Unnao,1.77,1.95,2,2.11,2.1,2.04,2.11,2.14,2.39,2.28,2.27,2.3,2.29,2.46,1.73,1.84,2.51,2.66,2.89,2.77,2.82,2.72,2.76
Uttar Pradesh,Varanasi,2.23,2.32,1.86,2.42,1.34,1.83,1.96,2.05,2.34,1.96,2.29,2.48,2.58,2.27,1.88,2.08,2.72,2.74,2.86,2.79,3.03,2.98,2.41
Uttarakhand,Almora,1.03,1.02,0.8,0.88,1.12,0.85,1.14,0.97,0.97,0.97,1.19,1.15,1.2,1.19,1.16,0.9,1.14,1.16,1.16,1.24,1.16,1.4,1.26
Uttarakhand,Bageshwar,1.48,1.23,1.07,1.23,1.36,1.11,1.13,1.21,1.21,1.24,1.19,1.37,1.45,1.47,1.19,1.23,1.44,1.36,1.37,1.65,1.54,1.64,1.38
Uttarakhand,Chamoli,1.2,1.17,1.17,1.14,1.29,1.12,1.36,1.31,1.14,1.21,1.34,1.34,1.36,1.33,1.24,1.27,1.36,1.42,1.47,1.53,1.51,1.51,1.56
Uttarakhand,Champawat,1.18,1.22,1.22,1.38,1.35,1.26,1.05,1.19,1.07,1.15,1.16,1.18,1.27,1.4,1.37,1.31,1.51,1.76,1.71,1.82,1.56,1.66,1.65
Uttarakhand,Dehradun,1.41,1.54,1.55,1.64,1.74,1.53,1.9,2.02,1.74,1.81,1.98,2.05,1.9,1.94,1.75,1.89,2.1,2.19,2.29,2.45,2.66,2.42,2.31
Uttarakhand,Haridwar,2.25,2.29,2.2,2.14,2.13,2.19,2.5,2.47,2.57,2.54,2.26,2.55,2.71,2.53,2.08,2.72,2.91,3.17,3.25,2.96,3.55,3.33,3.01
Uttarakhand,Nainital,2.05,2.02,2.1,2.17,2.24,2.07,2.08,2.15,2.1,2.4,2.3,2.45,2.67,2.49,2.26,2.61,2.48,2.69,2.9,3.12,3.14,3.17,2.97
Uttarakhand,Pauri garhwal,1.01,1.08,0.88,1.05,1.14,0.79,1.16,1.02,0.99,1,1.1,1.2,1.24,1.23,1.2,1.18,1.26,1.35,1.39,1.44,1.42,1.53,1.47
Uttarakhand,Pithoragarh,1.18,1.24,1.18,1.2,1.36,1.17,1.3,1.3,1.16,1.25,1.27,1.3,1.37,1.45,1.32,1.2,1.37,1.42,1.45,1.54,1.45,1.52,1.43
Uttarakhand,Tehri garhwal,1.13,1.16,1.11,1.37,1.34,1.14,1.34,1.31,1.17,1,1.38,1.34,1.38,1.4,1.35,1.36,1.45,1.47,1.61,1.59,1.75,1.76,1.75
West Bengal,Alipurduar,,,,,,,,,,,,,,,,,2.13,2.84,2.57,3,2.71,2.77,2.94
West Bengal,Bankura,2.5,2.78,2.85,2.67,2.73,2.6,2.78,2.81,2.75,2.66,2.56,2.96,2.74,2.76,2.76,2.73,2.8,2.78,2.38,2.53,3.07,3.03,2.91
West Bengal,Birbhum,2.5,2.83,2.79,2.86,2.72,2.89,2.98,3,2.98,2.61,2.85,2.82,2.84,3.2,3.18,3.14,3.1,3.07,2.92,3.22,3.09,3.17,2.97
West Bengal,Coochbehar,1.71,1.64,1.65,1.82,1.76,1.95,1.91,1.89,1.7,2.15,2.44,2.27,2.52,2.81,2.75,2.83,2.75,2.93,3.07,3.34,3.16,3.65,3.11
West Bengal,Darjeeling,1.81,1.9,1.67,1.72,1.68,1.66,1.76,1.87,2.06,2.13,2.18,2.05,1.94,2.06,1.99,2.15,1.92,2.25,2.37,2.34,2.41,2.35,2.29
West Bengal,Dinajpur dakshin,2.2,2.02,2.19,2.4,2.53,2.42,2.41,2.5,2.46,2.47,2.95,2.6,2.84,2.89,2.89,3,3,2.83,3.03,3.01,2.99,3.22,3.31
West Bengal,Dinajpur uttar,2.18,1.98,2.02,2.3,2.45,2.47,2.38,2.53,2.56,2.59,2.88,2.93,2.86,2.95,3.2,3.19,3.17,3.62,4.53,4.76,4.56,4.55,4.01
West Bengal,Hooghly,2.52,2.72,2.55,2.66,2.82,2.73,2.82,2.8,2.86,2.87,3.09,2.91,2.9,2.82,3.11,3.13,3.12,3.18,3.25,3.29,3.2,3.24,3.27
West Bengal,Howrah,1.98,2.34,2.14,2.35,2.29,2.27,2.07,2.19,1.79,1.67,2.62,2.09,2.56,2.51,2.7,1.95,2.55,2.67,2.93,2.59,2.7,2.11,2.78
West Bengal,Jalpaiguri,1.49,1.6,1.58,1.64,1.51,1.59,1.82,1.63,1.7,1.92,2.23,2.11,2.16,2.3,2.41,2.5,2.39,2.52,2.76,2.75,2.74,2.82,2.88
West Bengal,Jhargram,,,,,,,,,,,,,,,,,2.78,2.76,2.8,2.94,2.74,2.72,2.77
West Bengal,Kalimpong,,,,,,,,,,,,,,,,,2.02,1.76,2.28,1.94,2.87,2.09,4.61
West Bengal,Maldah,2.2,2.35,2.35,2.49,2.73,2.62,2.67,2.89,2.76,2.71,2.96,2.81,2.83,3.2,3.09,3.01,3.22,3.41,3.77,3.91,3.76,3.79,3.72
West Bengal,Medinipur east,2.34,1.3,2.41,2.38,2.53,1.88,2.4,2.04,2.12,2.31,2.71,2.51,2.62,2.24,2.64,2.58,2.65,2.76,3.05,2.63,3.04,2.65,3.06
West Bengal,Medinipur west,2.27,2.45,2.38,2.29,2.62,2.46,2.58,2.75,2.57,2.58,2.76,2.69,2.7,2.42,2.75,2.9,2.99,3.26,3.28,2.86,3.13,2.88,3.27
West Bengal,Murshidabad,2.33,2.46,2.35,2.54,2.48,2.6,2.37,2.64,2.63,2.68,2.66,2.62,2.64,2.9,2.97,2.66,2.95,2.82,2.67,3.03,3.14,3.1,3.18
West Bengal,Nadia,2.44,2.4,2.54,2.4,2.37,2.45,2.42,2.55,2.63,2.56,2.51,2.66,2.63,2.8,2.88,2.61,2.8,2.86,2.78,2.86,2.85,2.83,3.09
West Bengal,Paschim bardhaman,,,,,,,,,,,,,,,,,3.38,3.08,2.58,2.98,2.86,2.93,2.81
West Bengal,Purba bardhaman,2.68,2.9,2.97,3.05,2.97,3.07,3.04,2.92,2.8,3.04,2.95,2.94,3.23,3.33,3.24,3.35,3.05,3.02,3.25,3.52,3.33,3.1,3.11
West Bengal,Purulia,1.73,2.4,2,2.08,2.21,1.89,2.47,2.34,2.35,2.14,1.64,2.6,2.44,2.3,2.06,1.77,2.24,2.52,2.07,2.61,2.53,2.79,2.24