State,District,2000 - 2001,2001 - 2002,2002 - 2003,2003 - 2004,2004 - 2005,2005 - 2006,2006 - 2007,2007 - 2008,2009 - 2010,2010 - 2011,2011 - 2012,2012 - 2013,2013 - 2014,2014 - 2015,2015 - 2016,2016 - 2017,2017 - 2018,2018 - 2019,2019 - 2020,2020 - 2021,2021 - 2022,2022 - 2023
Andaman and Nicobar Islands,North and middle andaman,0.41,,,,,,0.6,,,1.14,0.54,0.3,0.34,0.4,0.19,0.31,1.46,0.89,0.57,0.53,0.55,0.6
Andhra Pradesh,Alluri sitharama raju,,,,,,,,,,,,,,,,,,,,,,2.81
Andhra Pradesh,Anakapalli,,,,,,,,,,,,,,,,,,,,,,11.57
Andhra Pradesh,Anantapur,1.09,0.48,0.37,0.31,0.78,0.42,0.12,1.23,0.3,0.58,0.28,0.45,0.44,0.31,0.75,0.27,1.06,0.36,0.82,0.55,0.23,0.65
Andhra Pradesh,Annamayya,,,,,,,,,,,,,,,,,,,,,,1.74
Andhra Pradesh,Bapatla,,,,,,,,,,,,,,,,,,,,,,3.84
Andhra Pradesh,Chittoor,1.29,0.95,0.85,0.89,0.9,0.89,0.93,1.79,0.93,1.17,0.87,0.84,1.12,0.73,1.29,0.81,2.03,1.11,1.87,1.16,1.32,1.57
Andhra Pradesh,East godavari,0.45,0.48,0.74,0.34,0.52,0.67,0.58,0,0.73,0.64,14.49,0,27.25,14.28,0.61,0.45,18.02,21.23,22.03,22.2,22.47,20.32
Andhra Pradesh,Eluru,,,,,,,,,,,,,,,,,,,,,,23.96
Andhra Pradesh,Guntur,0.55,0.91,0.58,0.66,0.88,1.13,1.15,1,1.7,1.19,1.75,1.33,1.79,2.68,1.53,2.03,2.91,2.11,2.92,3.47,4.11,2.07
Andhra Pradesh,Kadapa,1.12,0.67,0.41,0.48,0.72,0.4,0.83,1.6,0.83,0.66,0.82,0.55,1.08,0.75,1.45,0.99,1.55,0.77,1.82,1.12,1.05,1.43
Andhra Pradesh,Kakinada,,,,,,,,,,,,,,,,,,,,,,22.75
Andhra Pradesh,Konaseema,,,,,,,,,,,,,,,,,,,,,,21.89
Andhra Pradesh,Krishna,1.33,1.45,1.11,0.93,1.88,1.81,2.28,2.22,1.8,1.85,7.9,1.67,6.52,13.52,2.36,2.44,17.57,18.23,18.92,19.67,19.71,17.78
Andhra Pradesh,Kurnool,0.96,0.93,0.72,0.82,0.73,0.92,0.7,1.17,0.61,0.87,0.33,0.76,0.88,0.85,0.89,0.95,1.4,0.59,1.6,1.25,0.88,1.32
Andhra Pradesh,Nandyal,,,,,,,,,,,,,,,,,,,,,,1.06
Andhra Pradesh,Palnadu,,,,,,,,,,,,,,,,,,,,,,1.03
Andhra Pradesh,Parvathipuram manyam,,,,,,,,,,,,,,,,,,,,,,16.8
Andhra Pradesh,Prakasam,0.51,0.69,0.68,0.74,0.67,1.13,0.86,1.1,0.98,0.63,0.95,1.14,1.07,0.83,1.15,0.89,0.98,0.89,1.19,1.05,0.8,0.49
Andhra Pradesh,Spsr nellore,1.16,1.78,1.46,1.28,0.64,1.14,1.34,1.39,1.93,1.26,2.73,2.44,3.05,2.81,2.7,1.84,4.61,3.97,4.03,3.77,4.02,3.43
Andhra Pradesh,Sri sathya sai,,,,,,,,,,,,,,,,,,,,,,0.47
Andhra Pradesh,Srikakulam,0.85,0.68,0.69,0.89,0.81,1,0.81,1.07,0.98,1.11,1.36,1.14,1.41,1.44,0.92,1.27,1.5,1.48,1.39,1.61,1.75,2.49
Andhra Pradesh,Tirupati,,,,,,,,,,,,,,,,,,,,,,2.92
Andhra Pradesh,Vizianagaram,0.71,0.6,0.6,0.73,0.59,0.69,0.72,0.74,0.73,0.76,2.52,0.68,2.66,3.81,0.6,0.49,6.53,5.53,8.9,8.17,6.98,3.38
Andhra Pradesh,West godavari,1.52,1.84,1.31,0.77,1.34,2.29,1.49,1.89,1.43,1.73,18.22,2.25,19.57,20.06,2.73,2.96,18.15,19,22.42,23.36,23.37,23.82
Arunachal Pradesh,Anjaw,,,,,,,,,,,,,,,,1.06,1.06,1.06,1.06,1.07,0.81,0.86
Arunachal Pradesh,Changlang,,,,,,,,,,,,,,,,0.77,0.94,0.94,0.94,0.95,0.92,0.94
Arunachal Pradesh,Dibang valley,,,,,,,,,,,,,,,,1.03,0.99,0.99,0.99,1,0.78,0.79
Arunachal Pradesh,East kameng,,,,,,,,,,,,,,,,1.23,1.18,1.18,1.18,1.19,1.22,1.26
Arunachal Pradesh,East siang,,,,,,,,,,,,,,,,1.14,1.09,0.91,0.91,0.92,0.97,1.03
Arunachal Pradesh,Kamle,,,,,,,,,,,,,,,,,,1.23,1.22,1.28,1.08,1.1
Arunachal Pradesh,Kra daadi,,,,,,,,,,,,,,,,1.64,1,1,1,0.87,1.06,1.07
Arunachal Pradesh,Kurung kumey,,,,,,,,,,,,,,,,0.99,0.97,0.97,0.97,0.9,0.89,0.93
Arunachal Pradesh,Lohit,,,,,,,,,,,,,,,,0.93,0.92,0.92,0.92,0.93,0.98,1
Arunachal Pradesh,Longding,,,,,,,,,,,,,,,,1.11,1.14,1.14,1.14,1.14,0.94,0.96
Arunachal Pradesh,Lower dibang valley,,,,,,,,,,,,,,,,1,1.03,1.03,1.03,1.05,1.07,1.08
Arunachal Pradesh,Lower siang,,,,,,,,,,,,,,,,,,2.34,2.33,2.35,2.19,1.51
Arunachal Pradesh,Lower subansiri,,,,,,,,,,,,,,,,1.42,1.23,1.23,1.23,1.3,1.26,1.27
Arunachal Pradesh,Namsai,,,,,,,,,,,,,,,,0.89,0.93,0.93,0.94,0.94,0.96,0.98
Arunachal Pradesh,Pakke kessang,,,,,,,,,,,,,,,,,,,1.18,1.16,1.22,1.29
Arunachal Pradesh,Papum pare,,,,,,,,,,,,,,,,1.21,1.17,1.17,1.17,1.22,1.24,1.26
Arunachal Pradesh,Shi yomi,,,,,,,,,,,,,,,,,,,0.71,0.72,0.73,0.75
Arunachal Pradesh,Siang,,,,,,,,,,,,,,,,0.96,1.06,1.06,1.06,1.07,0.99,1
Arunachal Pradesh,Tawang,,,,,,,,,,,,,,,,1.78,1.46,1.47,1.46,1.51,1.51,1.52
Arunachal Pradesh,Tirap,,,,,,,,,,,,,,,,1.96,1.51,1.51,1.51,1.51,1.2,1.23
Arunachal Pradesh,Upper siang,,,,,,,,,,,,,,,,1.42,0.97,0.97,0.97,0.99,1.03,0.98
Arunachal Pradesh,Upper subansiri,,,,,,,,,,,,,,,,1.61,1.19,1.19,1.19,1.35,1.26,1.28
Arunachal Pradesh,West kameng,,,,,,,,,,,,,,,,1.74,1.45,1.45,1.45,1.49,1.54,1.63
Arunachal Pradesh,West siang,,,,,,,,,,,,,,,,1.36,1.32,0.71,0.71,0.7,0.77,0.87
Assam,Baksa,,,,,,0.46,0.49,0.64,0.33,0.39,0.52,0.53,0.59,0.54,0.57,0.58,0.6,0.64,0.65,0.54,0.69,0.69
Assam,Barpeta,0.58,0.36,0.54,0.61,0.56,0.34,0.48,0.53,0.52,0.46,0.64,0.78,0.55,0.57,0.69,0.65,0.68,0.64,0.68,0.68,0.65,0.72
Assam,Biswanath,,,,,,,,,,,,,,,,,,,,0.45,0.4,0.68
Assam,Bongaigaon,0.55,0.62,0.59,0.53,0.67,0.49,0.65,0.47,0.58,0.65,0.67,0.57,0.62,0.57,0.47,0.52,0.51,0.53,0.62,0.57,0.64,0.73
Assam,Cachar,0.59,0.45,0.4,0.8,0.56,0.57,0.56,0.52,0.65,0.65,0.54,0.59,0.55,0.65,0.32,0.4,0.44,0.56,0.25,0.7,0.36,0.72
Assam,Charaideo,,,,,,,,,,,,,,,,,,,,0.48,0.42,0.44
Assam,Chirang,,,,,,0.52,0.48,0.55,0.44,0.41,0.52,0.36,0.51,0.5,0.63,0.63,0.59,0.49,0.52,0.42,0.45,0.83
Assam,Darrang,0.44,0.48,0.42,0.45,0.48,0.35,0.35,0.45,0.6,0.5,0.53,0.51,0.56,0.62,0.63,0.55,0.57,0.64,0.79,0.76,0.84,0.66
Assam,Dhemaji,0.4,0.47,0.37,0.33,0.34,0.34,0.33,0.46,0.56,0.49,0.47,0.41,0.44,1.04,1.24,0.71,0.6,0.56,0.51,0.8,0.55,1.01
Assam,Dhubri,0.49,0.51,0.48,0.66,0.6,0.49,0.49,0.48,0.52,0.67,0.66,0.74,0.79,0.83,0.79,0.73,0.75,0.77,0.75,0.74,0.8,0.93
Assam,Dibrugarh,0.41,0.51,0.46,0.64,0.7,0.53,0.58,0.55,0.68,0.6,0.97,0.88,0.63,0.7,0.85,0.99,0.98,0.83,0.62,0.83,0.59,1.27
Assam,Dima hasao,0.32,0.37,0.39,0.47,0.45,0.4,0.48,0.37,0.33,0.36,0.38,0.4,0.38,0.44,0.6,0.89,0.94,0.87,0.81,0.9,0.8,0.81
Assam,Goalpara,0.45,0.43,0.41,0.53,0.43,0.41,0.45,0.41,0.4,0.47,0.44,0.49,0.6,0.5,0.68,0.45,0.54,0.42,0.48,0.6,0.63,0.61
Assam,Golaghat,0.61,0.51,0.53,0.69,0.44,0.61,0.62,0.5,0.41,0.39,0.42,0.35,0.5,0.52,0.48,0.66,0.64,0.55,0.35,0.45,0.43,0.91
Assam,Hailakandi,0.52,0.43,0.46,0.45,0.42,0.36,0.41,0.37,0.4,0.4,0.39,0.42,0.19,0.39,0.36,0.36,0.32,0.64,0.38,0.4,0.44,0.68
Assam,Hojai,,,,,,,,,,,,,,,,,,,,0.53,0.78,0.88
Assam,Jorhat,0.42,0.58,0.7,0.4,0.57,0.47,0.62,0.86,0.64,0.44,0.52,0.7,0.8,0.78,0.66,0.61,0.59,0.81,0.77,0.62,0.44,0.71
Assam,Kamrup,0.48,0.51,0.6,0.63,0.66,0.56,0.54,0.52,0.58,0.51,0.6,0.61,0.85,0.6,0.76,0.39,0.47,0.56,0.6,0.58,0.56,0.68
Assam,Kamrup metro,,,,,,0.6,0.56,0.6,0.41,0.44,0.66,0.43,0.52,0.62,0.69,0.54,0.64,0.57,0.43,0.56,0.71,0.76
Assam,Karbi anglong,0.54,0.65,0.53,0.45,0.49,0.44,0.58,0.47,0.49,0.6,0.5,0.69,0.54,0.61,0.51,0.51,0.42,0.6,0.43,0.46,0.4,0.78
Assam,Karimganj,0.46,0.4,0.35,0.35,0.4,0.44,0.47,0.4,0.52,0.44,0.38,0.5,0.65,0.68,0.41,0.62,0.57,0.67,0.51,0.59,0.55,0.38
Assam,Kokrajhar,0.58,0.52,0.52,0.51,0.56,0.57,0.6,0.68,0.63,0.67,0.67,0.64,0.63,0.69,0.64,0.71,0.66,0.73,0.66,0.74,0.69,0.71
Assam,Lakhimpur,0.51,0.3,0.32,0.43,0.51,0.53,0.41,0.48,0.48,0.9,0.56,0.68,0.72,0.78,0.86,0.85,0.76,0.64,0.58,0.64,0.72,0.98
Assam,Majuli,,,,,,,,,,,,,,,,,,,,0.84,0.83,0.74
Assam,Marigaon,0.51,0.37,0.4,0.35,0.4,0.37,0.42,0.4,0.52,0.52,0.46,0.48,0.51,0.55,0.51,0.56,0.76,0.58,0.74,0.67,0.58,0.78
Assam,Nagaon,0.52,0.46,0.48,0.51,0.46,0.53,0.54,0.57,0.61,0.56,0.61,0.66,0.69,0.68,0.82,0.71,0.81,0.71,0.7,0.66,0.62,0.7
Assam,Nalbari,0.54,0.62,0.54,0.59,0.54,0.56,0.57,0.5,0.64,0.59,0.62,0.82,0.69,0.8,0.78,0.76,0.79,0.81,0.8,0.73,0.84,1.11
Assam,Sivasagar,0.5,0.42,0.5,0.41,0.64,0.62,0.41,0.54,0.54,0.38,0.51,0.49,0.69,0.56,0.59,0.54,0.48,0.45,0.42,0.62,0.62,0.51
Assam,Sonitpur,0.6,0.68,0.59,0.55,0.59,0.45,0.48,0.5,0.53,0.72,0.54,0.63,0.6,0.62,0.59,0.69,0.68,0.71,0.64,0.73,0.75,0.54
Assam,Tinsukia,0.5,0.43,0.44,0.44,0.4,0.49,0.48,0.52,0.58,0.71,0.53,0.67,0.69,0.76,0.71,0.52,0.53,0.57,0.44,0.7,0.68,0.68
Assam,Udalguri,,,,,,0.36,0.34,0.4,0.33,0.43,0.4,0.32,0.38,0.81,0.66,0.71,0.68,0.64,0.66,0.65,0.66,0.47
Assam,West karbi anglong,,,,,,,,,,,,,,,,,,,,0.45,0.44,0.93
Bihar,Araria,0.83,0.88,0.87,0.84,1.02,1.03,1.02,1.08,1,1.11,1.03,0.99,1.18,1.25,1.35,1.06,1.29,1.36,1.23,1.31,1.3,1.59
Bihar,Arwal,,,,0.81,0.85,0.8,,1.58,1.1,1.05,1.26,0.99,1.12,1.04,0.9,0.91,0.89,1.16,0.95,0.95,1.02,0.99
Bihar,Aurangabad,0.63,0.7,0.75,0.78,0.81,0.84,0.85,0.83,0.88,0.81,0.89,0.86,0.9,0.82,0.74,0.77,0.92,0.91,0.72,0.9,0.93,0.97
Bihar,Banka,0.83,0.75,0.68,0.7,0.76,0.91,0.95,0.72,0.81,0.79,0.85,0.75,0.81,0.75,0.9,1.65,1.16,1.27,0.89,0.83,0.98,1.05
Bihar,Begusarai,1.35,0.79,0.74,1.05,1.51,1.79,1.39,0.83,1.48,1.82,1.97,2.85,2.1,1.47,1.29,1.34,1,1.18,0.92,0.64,0.76,1.19
Bihar,Bhagalpur,0.84,0.86,0.56,0.93,0.79,0.98,1.04,1.5,1.5,0.99,1.2,0.97,1.47,1.14,0.99,1.06,0.85,1.06,1.3,1.07,0.99,1.09
Bihar,Bhojpur,0.6,0.92,0.74,0.59,0.75,1.3,0.8,1.23,2.01,1.12,1.26,0.87,1.36,1.28,1.24,1.59,1.34,1.2,0.78,1.35,1.1,1.41
Bihar,Buxar,0.66,0.75,0.82,0.81,1.26,0.82,0.81,0.77,1.12,0.7,1.39,1.23,0.92,0.79,1.14,1.08,1.11,1.31,1.16,1.72,1.86,1.67
Bihar,Darbhanga,0.87,0.52,0.47,1.09,0.98,0.75,0.71,0.75,1.06,0.98,1.01,2.07,1,0.88,0.59,0.64,0.83,0.62,1.09,1.13,0.84,0.87
Bihar,Gaya,0.7,0.77,0.87,0.82,0.82,0.85,0.83,0.68,1.17,0.92,1.13,1.12,1.03,1.26,0.94,1,0.99,1.5,0.66,0.89,0.9,0.95
Bihar,Gopalganj,1.02,1.1,0.77,1.05,1,1.25,1.02,1.11,1.14,1.23,1.15,1.22,1.36,1.34,1.4,1.17,1.33,1.05,1.43,1.18,1.43,1.31
Bihar,Jamui,0.7,0.51,0.72,0.62,1.06,0.9,1.01,0.44,0.95,0.96,1.33,1.31,0.84,1.22,1.16,0.88,0.69,0.64,0.59,0.82,1.05,1.13
Bihar,Jehanabad,0.92,0.89,0.9,0.87,0.9,0.9,1.21,0.94,0.85,1,1.05,1.02,1.48,0.95,0.86,0.93,1.53,1.34,0.75,1.42,1.56,1.08
Bihar,Kaimur (bhabua),0.78,0.79,0.77,0.79,0.81,0.83,0.85,0.79,0.95,0.92,0.98,0.95,0.91,0.86,0.94,0.79,1.09,0.88,1.07,1.11,1.07,1.19
Bihar,Katihar,0.46,0.5,0.44,0.61,0.91,0.91,0.8,0.87,0.97,1.11,0.94,1,1.29,1.25,1.02,1.39,2.08,1.9,1.54,1.06,1.37,1.7
Bihar,Khagaria,0.9,0.93,0.55,1.16,0.94,1.68,1.78,1.82,1.62,1.33,1.31,1.57,1.79,1.37,1.04,1.18,1.15,1.55,1.07,1.15,1.02,1.29
Bihar,Kishanganj,0.52,0.78,0.58,0.89,0.86,0.94,0.78,0.82,0.88,0.66,0.67,0.68,1.05,0.83,0.71,0.92,1.08,0.82,1.07,1.12,0.98,1.1
Bihar,Lakhisarai,0.62,0.84,0.64,0.97,0.82,1.7,0.69,1.16,0.51,0.01,1.75,1.62,1.68,1.1,0.97,1.53,1.27,1.43,1.09,1.43,1.03,1.57
Bihar,Madhepura,1.44,1.33,1.09,1.25,1.33,1.19,1.2,1.14,1.27,1.37,1.46,1.28,1.32,1.18,1.3,1.24,1.41,1.31,1.25,1.31,1.2,1.26
Bihar,Madhubani,0.87,0.74,0.45,0.61,0.82,0.75,1.01,0.91,0.82,0.92,0.69,0.39,1.05,0.72,0.73,0.61,0.87,0.96,1.09,0.79,0.8,0.86
Bihar,Munger,0.82,0.96,0.72,1,0.84,0.71,0.71,0.81,1.15,1.42,1.01,1.31,1.3,1.29,1.49,0.92,1.15,1.02,0.89,0.88,0.85,1.05
Bihar,Muzaffarpur,0.76,0.88,0.96,1.02,1.06,1.21,1.64,1.26,0.97,0.97,1.31,3.21,0.83,0.86,0.8,0.79,1.06,1.26,0.89,0.93,0.79,0.87
Bihar,Nalanda,1.25,1,0.74,0.76,0.57,0.48,0.81,1.07,1.2,2.05,1.42,1.83,3,1.23,1.79,1.44,1.38,1.52,0.58,1,1.11,1.19
Bihar,Nawada,0.6,0.91,0.69,0.63,0.78,0.73,0.72,0.72,0.87,1.05,0.98,0.9,0.88,0.77,1,0.89,0.96,1.01,1,1.06,0.94,0.94
Bihar,Pashchim champaran,0.58,0.6,0.5,0.72,0.28,0.7,1.15,1.02,0.56,0.83,1.46,1.31,1.01,0.92,0.79,1.72,0.87,1.27,0.78,3.57,1.71,1.59
Bihar,Patna,0.94,0.84,1.16,0.67,0.95,0.79,0.77,0.53,1.53,1.08,1.61,1.93,2.26,1.9,0.99,1.36,1.15,1.05,0.45,0.95,0.81,0.87
Bihar,Purbi champaran,0.81,0.87,0.9,0.7,0.77,0.61,0.97,0.51,0.49,1.51,1.72,1.15,1.17,0.66,0.53,0.66,1.09,1.31,1.84,1.51,1.42,1.18
Bihar,Purnia,1.33,0.79,1.08,1.26,1.3,1.15,1.18,1.3,1.12,1.11,1.17,1.21,1.29,1.34,1.26,1.62,1.12,1.05,1.14,0.83,0.82,1.24
Bihar,Rohtas,0.53,0.79,0.9,0.88,0.81,0.75,0.81,0.88,1.11,1.05,0.81,1.11,1.01,0.95,0.99,1.06,1.05,1.46,1.33,0.76,1.63,1.08
Bihar,Saharsa,1.25,1.17,0.94,0.9,0.78,0.8,1.11,0.78,0.95,0.76,1.27,0.78,1.5,1.25,1,0.57,0.93,0.97,1.3,0.78,0.69,0.85
Bihar,Samastipur,1.27,1.05,0.84,0.63,0.66,0.85,1.04,1.16,1.12,1.22,2.17,2.03,1.11,0.94,1.21,1.33,1.41,1.23,1.78,1.21,1.12,1.39
Bihar,Saran,1.2,1.29,1.07,1.21,1.15,1.01,1.03,1.11,1.04,0.88,1,0.45,1.26,0.81,1.13,1.63,1.42,1.43,1.38,1.74,1.6,1.65
Bihar,Sheikhpura,0.55,0.6,0.55,0.73,1.01,0.78,0.76,0.9,0.96,0.73,0.75,0.6,0.73,0.74,0.75,0.81,1.03,0.63,0.93,0.55,0.53,0.64
Bihar,Sheohar,0.72,0.7,0.69,0.78,0.69,0.53,1.06,0.79,0.73,0.74,0.93,0.92,0.98,0.63,0.87,0.95,0.9,0.85,0.8,0.75,1.27,1.26
Bihar,Sitamarhi,1.02,0.7,0.66,0.78,0.74,0.86,1.08,0.72,1.52,1.87,1.05,1.15,1.08,0.39,1.1,1.1,1.1,1,1.18,0.82,0.58,0.49
Bihar,Siwan,1.03,0.78,0.89,1,1.29,0.89,1.01,0.98,1.02,1.22,1.25,1.75,1.08,1.14,1.1,1.24,1.44,1.51,1.35,1.45,1.38,1.5
Bihar,Supaul,1.07,0.95,0.91,1.01,1.2,1.09,1.15,1.21,1.16,1.26,1.2,1.24,1.18,1.14,1.17,1.15,1.25,1.27,1.32,1.27,1.29,1.3
Bihar,Vaishali,0.72,0.67,0.63,0.58,0.65,0.73,0.63,0.85,0.94,0.9,1.49,1.84,1.6,1.95,1.47,1.01,2.19,1.78,1.69,1.47,1.55,1.99
Chandigarh,Chandigarh,1.2,1.84,1.86,,,,,,,,,,,,,,,,,,,
Chhattisgarh,Balod,,,,,,,,,,,0.38,0.41,0.35,0.37,0.38,0.43,0.33,0.36,0.39,0.43,0.45,0.52
Chhattisgarh,Baloda bazar,,,,,,,,,,,0.62,0.74,0.67,0.72,0.65,0.68,0.53,0.57,0.67,0.7,0.58,0.62
Chhattisgarh,Balrampur,,,,,,,,,,,0.34,0.37,0.41,0.41,0.39,0.38,0.3,0.35,0.44,0.43,0.49,0.49
Chhattisgarh,Bastar,0.23,0.27,0.21,0.26,0.26,0.21,0.29,0.28,0.27,0.28,0.28,0.31,0.16,0.29,0.24,0.31,0.26,0.28,0.28,0.25,0.25,0.29
Chhattisgarh,Bemetara,,,,,,,,,,,0.73,1,0.77,0.56,0.01,0.62,0.22,0.51,0.88,0.66,0.82,0.98
Chhattisgarh,Bijapur,,,,,,,0,0.36,0.29,0.31,0.26,0.39,0.83,0.42,0.39,0.52,0.38,0.55,0.75,0.72,0.74,0.97
Chhattisgarh,Bilaspur,0.38,0.55,0.46,0.52,0.52,0.47,0.6,0.7,0.91,0.84,0.59,0.59,0.59,0.58,0.63,0.81,0.58,0.72,0.72,0.74,0.55,0.65
Chhattisgarh,Dantewada,0.26,0.31,0.24,0.35,0.32,0.27,0.36,0.35,0.28,0.31,0.42,0.39,0.42,0.44,0.41,0.42,0.22,0.34,0.36,0.32,0.34,0.41
Chhattisgarh,Dhamtari,0.27,0.31,0.31,0.36,0.29,0.3,0.33,0.37,0.43,0.35,0.45,0.47,0.49,0.49,0.51,0.46,0.43,0.47,0.5,0.53,0.49,0.6
Chhattisgarh,Durg,0.25,0.35,0.35,0.43,0.45,0.52,0.63,0.81,0.71,0.89,0.66,1.03,0.77,0.58,0.49,0.8,0.38,0.52,0.65,0.65,0.58,0.71
Chhattisgarh,Gariyaband,,,,,,,,,,,0.53,0.48,0.61,0.7,0.72,1.18,0.69,0.99,0.92,1.03,1.23,1.2
Chhattisgarh,Gaurella-pendra-marwahi,,,,,,,,,,,,,,,,,,,0.68,0.75,0.89,0.82
Chhattisgarh,Janjgir-champa,0.49,0.47,0.55,0.52,0.51,0.45,0.48,0.49,0.59,0.52,0.55,0.62,0.59,0.63,0.72,0.85,0.64,0.73,1.01,1.01,1.18,0.53
Chhattisgarh,Jashpur,0.29,0.31,0.32,0.29,0.31,0.27,0.3,0.33,0.4,0.38,0.39,0.4,0.47,0.42,0.38,0.5,0.42,0.42,0.47,0.51,0.55,0.68
Chhattisgarh,Kabirdham,0.24,0.4,0.45,0.6,0.76,0.7,0.94,0.98,1.03,1.17,0.85,1.27,1.21,0.41,0.52,0.85,0.35,0.53,1.17,0.83,0.99,1.1
Chhattisgarh,Kanker,0.29,0.36,0.17,0.44,0.41,0.34,0.39,0.4,0.45,0.4,0.47,0.45,0.43,0.47,0.41,0.48,0.3,0.34,0.35,0.36,0.4,0.4
Chhattisgarh,Kondagaon,,,,,,,,,,,0.29,0.26,0.16,0.29,0.24,0.32,0.27,0.28,0.34,0.41,0.42,0.41
Chhattisgarh,Korba,0.25,0.3,0.29,0.3,0.27,0.28,0.26,0.31,0.36,0.35,0.36,0.36,0.37,0.46,0.33,0.42,0.37,0.35,0.39,0.43,0.68,0.61
Chhattisgarh,Korea,0.26,0.31,0.21,0.33,0.29,0.24,0.28,0.27,0.29,0.31,0.34,0.34,0.36,0.39,0.34,0.37,0.32,0.34,0.42,0.37,0.42,0.54
Chhattisgarh,Mahasamund,0.89,0.99,0.83,0.86,0.91,0.76,0.95,1.03,1.08,1.1,1.15,1.34,1.29,1.18,1.12,1.51,1.01,1.21,1.28,1.22,1.37,1.34
Chhattisgarh,Manendragarh chirimiri bharatpur,,,,,,,,,,,,,,,,,,,,,,0.43
Chhattisgarh,Mungeli,,,,,,,,,,,0.99,1.57,1.18,0.87,0.66,1.29,0.5,0.93,1.44,1.11,1.28,1.39
Chhattisgarh,Narayanpur,,,,,,,0,0.32,0.28,0.36,0.36,0.35,0.27,0.31,0.16,0.23,0.24,0.24,0.25,0.31,0.38,0.42
Chhattisgarh,Raigarh,0.51,0.8,0.65,0.7,0.62,0.62,0.68,0.76,0.83,0.68,0.77,0.8,0.8,0.88,0.82,1.07,0.82,0.78,0.88,0.82,1.31,1.08
Chhattisgarh,Raipur,0.3,0.46,0.41,0.45,0.48,0.48,0.48,0.53,0.61,0.57,0.5,0.65,0.63,0.51,0.62,0.63,0.46,0.56,0.44,0.58,0.61,0.68
Chhattisgarh,Rajnandgaon,0.31,0.34,0.34,0.48,0.5,0.57,0.61,0.84,0.63,0.94,0.73,1.08,1.01,0.39,0.42,0.73,0.42,0.75,1.17,0.78,0.68,0.9
Chhattisgarh,Sakti,,,,,,,,,,,,,,,,,,,,,,1.28
Chhattisgarh,Sarangarh bilaigarh,,,,,,,,,,,,,,,,,,,,,,1.19
Chhattisgarh,Sukma,,,,,,,,,,,0.39,0.28,0.29,0.34,0.36,0.35,0.26,0.32,0.24,0.23,0.46,0.39
Chhattisgarh,Surajpur,,,,,,,,,,,0.52,0.56,0.58,0.6,0.54,0.57,0.53,0.54,0.77,0.84,0.93,0.8
Chhattisgarh,Surguja,0.33,0.38,0.38,0.38,0.35,0.35,0.38,0.39,0.36,0.37,0.4,0.45,0.49,0.49,0.5,0.48,0.41,0.45,0.51,0.61,0.64,0.66
Dadra and Nagar Haveli,Dadra and Nagar Haveli,0.85,2.22,2.85,1.01,1,0.9,1,,,0.86,0.72,0.71,,,0.65,0.44,0.72,0.44,0.44,,,
Goa,North goa,,,,,1.63,2.41,1.75,1.88,2.85,2.87,2.5,2.4,2.54,1.9,2.13,2.35,2.28,2.31,2.48,2.09,2.07,1.57
Goa,South goa,,,,,2,1.65,1.24,1.83,1.56,2,2.5,,2,,,,1.78,1.86,2.98,3.8,3.1,
Gujarat,Ahmadabad,0.89,1.02,0.67,0.82,0.8,0.99,1.09,1.06,1.17,0.91,2,1.47,1.34,1.6,1.47,1.58,1.8,1.84,1.79,1.73,1.93,2
Gujarat,Amreli,0.19,1.38,0.7,2.1,0.31,1.01,0.42,1.68,0.19,1.62,0.4,0.32,2.98,1.18,2.04,1.86,1.52,0.7,2.92,1.54,2.14,2.26
Gujarat,Anand,,,,1.39,1.29,1.52,1.23,1.48,1.47,1.26,1.46,1.67,1.75,1.66,1.42,1.43,1.82,1.77,1.88,1.98,1.98,2.02
Gujarat,Aravalli,,,,,,,,,,,,,,1.56,1.68,1.53,2.63,3.62,1.79,1.81,2.17,1.96
Gujarat,Banas kantha,1.49,1.4,0.95,1.56,1.35,1.56,1.26,1.62,1.82,1.69,1.86,1.93,1.98,2.16,1.66,2.22,2.35,2.34,2.42,2.43,2.45,2.41
Gujarat,Bharuch,0.73,0.93,0.69,0.95,0.87,0.8,0.73,1.37,1.48,1.17,1.66,5.77,1.97,1.42,1.31,1.58,1.91,0.96,1.37,1.14,1.34,1.44
Gujarat,Bhavnagar,0.11,1.24,0.89,1.07,0.4,1.25,1.09,1.44,0.58,1.84,1.19,0.62,2.26,1.74,1.66,3.11,2.23,1.7,2.7,1.79,1.91,2.2
Gujarat,Botad,,,,,,,,,,,,,,0.94,1.33,1.16,2.22,0.79,1.79,1.39,1.78,1.47
Gujarat,Dang,0.38,1.4,0.53,2.28,1.33,1.74,1.04,1.76,1.06,0.99,1,1.33,2.71,1.99,0.87,1.08,0.92,1.46,0.87,1.58,1.28,1.1
Gujarat,Devbhumi dwarka,,,,,,,,,,,,,,1.7,0.24,0.66,2.51,0.39,3.34,1.9,2.15,2.58
Gujarat,Gandhinagar,1.19,1.5,1.88,1.73,1.58,1.88,1.71,1.98,1.86,2.04,1.89,1.97,2.3,2.57,2.55,2.41,2.53,2.49,2.35,2.43,2.33,2.4
Gujarat,Gir somnath,,,,,,,,,,,,,,0.96,0.67,0.62,1.05,0.84,1.31,1.42,2.47,2.2
Gujarat,Jamnagar,0.1,1.35,0.05,2.11,0.98,1.51,1.42,1.7,1.7,1.75,1.8,0.41,2.93,2.08,1.53,1.31,3.59,1.17,3.08,2.3,1.96,2.93
Gujarat,Junagadh,1.02,1.6,0.89,2.73,1.37,2.05,1.15,1.8,0.91,2,1.68,0.7,3.3,2.89,0.76,1.41,1.36,1.22,1.73,1.69,2.01,2.58
Gujarat,Kachchh,1.36,1.07,1.22,1.37,1.29,1.13,1.5,1.41,1.37,1.41,1.72,1.88,1.95,1.69,1.72,1.8,1.99,0.91,1.38,1.3,1.61,1.72
Gujarat,Kheda,0.79,0.74,0.97,1.02,0.93,1.19,1.07,1.38,1.18,1.23,1.32,1.71,1.5,1.67,1.62,1.43,1.73,1.69,1.81,1.97,1.91,1.92
Gujarat,Mahesana,1.17,1.24,1.15,1.46,1.35,1.52,1.4,1.72,1.68,1.71,1.69,1.88,1.94,1.88,2.19,2.14,2.22,2.21,2.36,2.47,2.47,2.4
Gujarat,Mahisagar,,,,,,,,,,,,,,1.2,1,1.32,1.52,1.38,1.64,1.43,1.84,1.7
Gujarat,Morbi,,,,,,,,,,,,,,2.95,2.61,3.25,2.98,2.5,2.8,1.34,1.9,1.83
Gujarat,Narmada,,,,1.09,1.46,1.52,1.7,1.48,1.88,1.21,1.8,7.27,1.2,0.98,0.98,0.96,1.02,1.4,1.49,1.53,1.67,1.63
Gujarat,Navsari,,,,1.67,1,1,1,1.33,1,1,1.4,1,2.04,1.85,1.52,1.69,1.97,2.03,2.45,2.33,2.21,2.33
Gujarat,Panch mahals,0.87,1.23,0.79,1.5,1.28,1.26,1.32,1.36,1.43,1.52,1.7,2.48,1.55,1.03,1.12,1.36,1.47,1.69,1.51,1.51,1.68,1.61
Gujarat,Patan,,,,1.44,1.33,1.48,1.11,1.48,1.4,1.65,1.72,1.61,1.79,1.79,1.78,1.82,1.95,1.79,1.68,1.86,1.96,2.07
Gujarat,Porbandar,,,,3.12,1.11,2.07,1.69,1.58,1.98,0.83,1.95,0.37,3.57,1.43,0.23,2.65,3.08,1.41,2.54,1.26,2.02,2.46
Gujarat,Rajkot,0.11,1.19,0.15,2.16,0.8,2.02,0.51,2.03,0.41,1.87,1.35,0.16,3.08,1.01,1.68,0.32,2.81,1.06,3.66,1.76,2.02,2.61
Gujarat,Sabar kantha,0.8,0.76,0.63,1.3,1.07,1.84,0.98,1.19,1.39,1.6,1.47,2.02,1.4,2.8,2.25,1.46,2.5,1.9,1.47,2.3,2.69,2.56
Gujarat,Surat,0.94,1.28,1.43,1.24,1.44,1.38,1.59,1.48,1.33,1,1.29,1.18,1.1,0.84,0.8,1,1,1.34,1.47,1.28,1.32,1.31
Gujarat,Surendranagar,0.54,0.75,0.53,0.94,0.67,0.87,0.96,1.18,0.87,1.42,1.92,2.01,1.76,1.26,1.51,1.75,1.83,0.73,1.71,1.39,1.81,1.74
Gujarat,Tapi,,,,,,,,,2.23,1.24,1.83,1.71,1.52,1.66,1.26,1.29,1.31,1.44,1.78,1.67,1.91,1.65
Gujarat,Vadodara,0.72,1.17,1.21,1.54,1.31,1.5,1.47,1.46,1.61,1.43,1.69,2.06,1.73,1.77,1.69,1.34,1.75,1.96,1.88,1.85,1.9,2.12
Gujarat,Valsad,0.86,1.25,0.67,,1,,1,2,1,0.4,0.38,0.33,2.92,2.01,1.42,1.61,2.44,1.37,2.76,2.17,2.26,2.5
Haryana,Ambala,0.86,1.03,1.14,1.29,1.52,1.45,1.62,1.33,1.69,2.93,1.27,1.79,1.91,1.72,1.98,1.57,1.92,2.05,1.89,1.96,1.71,1.75
Haryana,Bhiwani,1.21,1.37,1.15,1.56,1.08,1.11,1.28,1.04,0.38,1.72,1.2,1.63,1.52,1.4,1.46,1.7,1.85,1.82,1.51,1.74,1.75,1.34
Haryana,Faridabad,1.43,1.78,1.39,1.51,1.11,1.55,1.37,1.38,0,1.9,2.39,1.59,1.82,,,2,2,1.81,1.67,1.67,1.96,1.77
Haryana,Fatehabad,1.5,1.41,1.05,1.64,1.13,1.45,1.43,1.35,0.84,1.96,1.89,1.55,1.71,1.46,1.35,1.63,1.86,2.02,1.66,1.79,1.67,1.76
Haryana,Gurgaon,1.45,1.53,1.23,1.37,1.15,1.24,1.2,1.26,0.45,1.75,1.9,1.93,1.59,1.28,1.61,1.95,2.26,2.17,2.37,2.35,1.92,1.95
Haryana,Hisar,1.39,1.65,1.19,1.52,1.14,0.8,1.48,1.1,1.1,1.99,1.69,1.65,1.62,1.48,1.8,1.84,2.19,2.12,1.77,1.91,1.9,1.93
Haryana,Jhajjar,1.6,1.57,1.16,1.48,1.31,0.85,1.31,1.23,0,1.76,1.58,1.66,1.54,1.31,1.57,2.31,2.12,2.05,2.1,2.08,1.99,2
Haryana,Jind,1.17,1.42,1.13,1.58,1.25,0.67,1.16,1.1,0,1.79,1.56,1.73,1.71,1,1.75,1.88,2.1,2.25,1.82,2,2.14,2.15
Haryana,Kaithal,1.12,1.26,1.55,1.47,1.17,1.24,1.31,1.29,0,2.71,1.31,2.27,2,1,2,1.5,2.56,1.84,1.8,1.87,1.85,2.19
Haryana,Karnal,0.96,0.95,1.13,1.22,1.34,1.45,1.36,1.08,0.95,2,0.98,1.8,2,1,2,1.88,2,2.05,1.83,2.17,2.01,2.11
Haryana,Kurukshetra,0,0.99,1.3,1.63,1.76,1.8,1.72,1.88,1.84,1.93,1.15,1.97,2.46,5,2.57,1.29,1.8,1.79,1.64,1.94,1.4,1.79
Haryana,Mahendragarh,1.2,1.37,1.07,1.62,1.19,1.16,1.41,1.07,0,1.91,0.82,1.71,1.7,1.49,1.57,1.96,1.88,2.05,1.86,2.1,2.03,1.74
Haryana,Mewat,,,,,,1.05,1.04,1.41,0.23,1.76,1.81,1.58,1.51,1.36,1.58,1.87,2.14,2.27,2.35,2.22,2.06,2.26
Haryana,Palwal,,,,,,,,,0,1.75,2.07,1.81,1.65,0.85,1.41,1.71,2.11,2.06,2,1.75,2.07,1.82
Haryana,Panchkula,0.79,0.77,0.86,0.87,0.8,1.43,0.98,1.8,0,1.48,1.17,1.98,2,1,1,1.31,2.38,1.17,1.06,2.63,1.16,1.35
Haryana,Panipat,1.41,1.42,1.16,1.54,1.4,0.99,0.98,1.24,0,2.28,1.15,2.28,2,1,2,1.75,2,2.33,1.91,2.28,2.24,2.08
Haryana,Rewari,1.77,1.68,1.3,1.74,1.39,1.52,1.45,1.62,0.77,1.99,1.83,2.15,1.86,1.54,1.82,2.24,2.29,2.29,1.8,2.32,1.94,1.93
Haryana,Rohtak,1.28,1.47,1.08,1.57,1.11,0.94,1.38,1.03,0,1.59,1.52,1.46,1.42,1.11,1.26,1.25,1.94,1.83,1.81,1.81,1.76,1.78
Haryana,Sirsa,1.35,1.5,0.99,1.5,1.14,1.2,1.26,1.26,0.95,1.89,1.6,1.6,1.7,1.49,1.68,1.54,1.95,2.07,1.79,1.94,1.92,1.85
Haryana,Sonipat,1.06,1.45,0.91,1.28,1.11,1.12,1.34,0.91,0,1.85,1.3,1.23,1.5,1,1,1.62,1.64,1.72,1.83,2.1,1.9,1.9
Haryana,Yamunanagar,1,1.1,1.12,1.25,1,1.14,1.49,1.38,1.38,1.63,1.19,1.41,1.96,1.04,1.52,1.19,1.57,1.32,1.52,1.76,1.27,1.79
Himachal Pradesh,Bilaspur,0.38,0.43,0.55,,,0.32,0.41,0.76,0.16,0.43,0.43,0.41,0.31,0.61,0.23,0.32,0.55,0.51,0.5,0.71,0.68,0.71
Himachal Pradesh,Chamba,0.2,0.28,0.28,,,0.05,0.25,0.2,0.3,0.5,0.62,0.5,0.42,0.63,0.49,0.27,0.49,0.48,0.49,0.73,0.73,0.73
Himachal Pradesh,Hamirpur,0.49,0.63,0.73,,,0.28,1.08,0.52,0.07,0.58,0.15,0.12,0.09,0.47,0.07,0.07,0.33,0.33,0.42,0.67,0.67,0.69
Himachal Pradesh,Kangra,0.39,0.59,0.57,,,0.51,0.57,0.42,0.18,0.4,0.42,0.4,0.48,0.55,0.53,0.31,0.58,0.59,0.65,0.53,0.55,0.55
Himachal Pradesh,Kinnaur,,1,0,,,0,,,,,,,0.47,,,,,,,0.75,,0.67
Himachal Pradesh,Kullu,0.51,0.58,0.4,,,0.38,1.03,0.54,0.22,0.62,0.39,0.27,0.41,0.34,0.46,0.17,0.47,0.54,0.64,0.74,0.76,0.75
Himachal Pradesh,Lahul and spiti,1.45,1.33,0.04,,,1.35,,,1.84,1.17,4.2,1.92,,0.85,0.48,1.63,0.48,0.42,0.53,0.75,,
Himachal Pradesh,Mandi,0.41,0.46,0.72,,,0.64,0.82,0.83,0.42,0.88,0.75,0.69,0.88,0.95,0.99,0.98,0.99,0.97,1.01,0.53,0.49,0.51
Himachal Pradesh,Shimla,0.34,0.48,0.48,,,0.25,0.43,0.41,0.18,0.6,0.24,0.2,0.58,0.46,0.51,0.14,0.52,0.51,0.54,1.11,1.12,1.12
Himachal Pradesh,Sirmaur,0.32,0.5,0.31,,,0.14,0.4,0.3,0.07,0.55,0.13,0.09,0.62,0.29,0.52,0.09,0.52,0.54,0.56,0.75,0.64,0.75
Himachal Pradesh,Solan,0.44,0.6,0.31,,,0.2,0.25,0.36,0.17,0.52,0.45,0.41,0.63,0.28,0.62,0.24,0.61,0.61,0.6,0.88,0.88,0.89
Himachal Pradesh,Una,0.38,0.59,0.51,,,0.32,0.55,0.71,0.47,0.09,2.12,0.89,0.34,0.38,0.65,0.48,0.61,0.6,0.61,1.19,1.19,1.25
Jammu and Kashmir,Anantnag,0.37,0.58,0.3,0.66,,,0.79,0.79,0.9,0.9,0.79,0.73,0.73,,0.79,0.46,1.24,1,0.56,0.58,0.68,0.8
Jammu and Kashmir,Badgam,0.4,0.67,0.65,0.72,,,0.5,0.5,0.54,0.6,1.17,1.11,0.62,,0.64,0.59,0.77,1.08,0.93,0.97,1,1.05
Jammu and Kashmir,Bandipora,,,,,,,,0.43,0.27,0.28,0.75,1.1,1.1,,0.58,0.93,1.03,2.46,1.14,1.06,1.02,1.04
Jammu and Kashmir,Baramulla,0.61,0.36,0.37,0.42,,,0.43,0.43,0.69,0.79,1.35,2.05,2.05,,0.66,1.2,0.87,1.28,0.8,1.65,0.78,0.88
Jammu and Kashmir,Doda,0.44,0.3,0.36,0.58,,,0.46,0.46,0.81,0.55,0.6,0.95,0.95,,0.36,0.34,0.4,0.65,0.93,0.37,1.92,1.13
Jammu and Kashmir,Ganderbal,,,,,,,,0.42,0.34,0.52,0.57,0.72,0.72,,1.02,0.76,1.09,1.07,1.17,0.7,0.93,0.92
Jammu and Kashmir,Jammu,0.41,0.54,0.49,0.45,,0.45,0.46,0.46,0.55,0.69,0.74,0.66,1.09,0.45,0.51,0.74,0.55,0.92,0.88,0.59,0.73,0.86
Jammu and Kashmir,Kathua,0.38,0.79,0.77,0.34,,0.4,0.33,0.33,0.4,0.58,0.75,0.52,0.58,0.4,0.3,0.32,0.34,0.58,0.41,0.34,0.45,0.68
Jammu and Kashmir,Kishtwar,,,,,,,,0.46,0.54,0.64,0.63,0.69,0.69,,0.44,0.38,0.43,0.6,0.86,0.58,0.79,0.84
Jammu and Kashmir,Kulgam,,,,,,,,0.79,1.57,1.33,0.72,0.7,0.7,,0.45,0.48,0.55,1.55,0.47,0.35,0.53,0.97
Jammu and Kashmir,Kupwara,0.39,0.52,0.7,0.42,,,,,,,,,,,,,,,,,,
Jammu and Kashmir,Poonch,0.08,0.59,0.44,0.16,,,0.44,0.44,0.5,0.21,0.84,0.95,0.95,,0.45,0.38,2.79,0.6,0.86,1.45,0.79,0.84
Jammu and Kashmir,Pulwama,0.36,0.5,0.33,1.01,,,0.71,0.71,0.76,0.79,0.94,0.78,0.78,,0.51,0.58,0.56,1.42,1.22,0.76,0.75,0.87
Jammu and Kashmir,Rajauri,0.42,0.35,0.42,0.29,,0.36,0.68,0.68,0.46,0.57,0.58,0.92,0.97,,0.44,0.27,0.44,0.37,0.84,0.7,0.77,0.74
Jammu and Kashmir,Ramban,,,,,,,,0.46,0.24,0.61,0.63,0.52,0.52,,0.63,,0.68,0.6,0.86,0.57,0.79,0.84
Jammu and Kashmir,Reasi,,,,,,,,0.69,0.3,0.78,0.22,0.28,0.27,0.5,0.46,0.38,0.43,0.6,0.85,0.58,0.79,0.56
Jammu and Kashmir,Samba,,,,,,,,0.45,0.4,0.46,0.47,0.45,0.45,0.44,0.41,0.48,0.43,0.47,0.54,0.5,0.79,0.99
Jammu and Kashmir,Shopian,,,,,,,,0.71,0.84,1.45,1.24,1.29,1.29,,0.66,0.84,0.92,0.9,0.81,0.67,0.79,0.88
Jammu and Kashmir,Srinagar,0.6,0.66,0.47,0.43,,,0.42,0.42,0.83,0.88,0.9,1.26,1.26,,0.66,1,0.87,1.28,0.82,0.67,0.78,0.88
Jammu and Kashmir,Udhampur,0.2,0.51,0.26,0.51,,0.5,0.71,0.72,0.75,0.75,0.68,0.72,0.75,0.37,0.43,0.29,0.22,0.24,1.18,0.95,0.78,0.95
Jharkhand,Bokaro,,,,,0.9,0.25,0.5,0.63,1,0.38,1.22,1.81,0.84,1.5,0.67,0.93,0.58,0.57,0.64,0.64,0.69,0.63
Jharkhand,Chatra,,,0.84,0.75,0.88,0.62,0.63,0.52,0.37,0.48,0.85,1.33,1.01,1.11,1.09,0.84,0.61,0.67,0.69,0.74,0.7,0.71
Jharkhand,Deoghar,,,,,0.42,0.84,0.18,0.98,1.99,1.39,1.39,0.65,0.44,0.86,0.79,1.39,0.79,0.88,0.88,0.89,0.89,0.89
Jharkhand,Dhanbad,,,,,,,,0.53,1,0.5,1,1,,2,,,0.95,0.83,0.91,0.9,0.9,0.9
Jharkhand,Dumka,,,1.19,1,1.4,1.06,0.43,0.78,0.55,0.67,0.46,1.31,0.99,0.51,1.69,0.78,0.64,0.72,0.74,0.76,0.78,0.7
Jharkhand,Garhwa,,,0.65,0.62,0.82,0.64,0.69,1.13,0.81,0.62,0.68,0.73,0.64,0.78,0.93,1.3,0.55,0.42,0.4,0.47,0.87,0.85
Jharkhand,Giridih,,,,,0.9,,0.57,,0.94,0.77,0.48,1.75,0.8,0.63,0.6,0.66,0.67,0.65,0.52,0.44,0.44,0.45
Jharkhand,Godda,,,0.8,0.8,1.09,0.61,0.6,0.78,0.81,0.92,0.83,0.91,0.86,0.55,0.75,0.73,0.07,0.06,0.85,0.88,0.8,0.78
Jharkhand,Gumla,,,0.64,1.17,0.7,1.05,1.27,0.72,1.16,0.88,0.64,1.11,0.65,0.98,0.9,1.25,1.24,1.12,1.09,1.03,0.63,0.64
Jharkhand,Hazaribagh,,,,,0.6,0.4,0.62,0.5,0.46,0.52,0.37,0.71,0.63,0.58,0.8,0.6,0.9,0.91,0.91,0.81,0.77,0.79
Jharkhand,Jamtara,,,,,1.57,0.75,0.57,0.68,0.42,0.43,0.38,0.42,0.6,0.55,0.63,0.85,0.89,0.62,0.87,1.05,1.04,1.5
Jharkhand,Khunti,,,,,,,,,1.13,0.84,0.73,1.18,1.15,1.19,1.02,0.91,0.61,0.56,0.86,0.76,0.76,1.01
Jharkhand,Koderma,,,,,0.75,0.49,0.43,0.5,0.5,0.41,0.88,0.41,0.35,0.44,0.73,0.94,0.85,0.88,0.87,0.88,0.89,0.89
Jharkhand,Latehar,,,,0.7,0.65,0.63,0.71,0.79,1.21,1.1,1.37,1.37,0.98,1.06,0.56,0.87,0.81,0.81,0.81,0.82,0.82,0.84
Jharkhand,Lohardaga,,,,,1.44,0.84,0.83,0.93,1.17,0.91,0.6,1.16,1.02,0.89,1.17,1.24,0.9,0.89,0.9,0.51,0.74,0.91
Jharkhand,Pakur,,,0.75,0.9,0.5,0.47,0.72,1.27,1.15,1.11,1.31,1.29,1.14,1.84,1.6,1.42,0.91,0.9,0.91,0.92,0.97,0.94
Jharkhand,Palamu,,,0.79,0.71,0.89,0.52,0.71,0.58,0.59,0.69,0.82,1.21,1.14,1.19,0.88,0.8,0.48,0.66,0.54,0.73,0.74,0.74
Jharkhand,Ramgarh,,,,,,,,,1.17,0.72,1.08,1.03,1.46,1.36,,1.36,0.89,0.91,0.92,0.81,0.76,0.78
Jharkhand,Ranchi,,,0.72,1.11,0.93,0.67,0.66,1.09,0.89,0.86,0.35,0.56,0.99,0.77,0.8,0.79,0.68,0.89,0.8,0.8,0.92,0.93
Jharkhand,Sahebganj,,,0.65,0.66,1.55,0.72,0.83,1.2,0.67,0.38,0.93,0.61,1.18,1.05,0.79,0.91,0.47,0.55,0.94,0.85,0.76,0.9
Jharkhand,Saraikela kharsawan,,,,,0.9,,0.67,1.12,0.75,0.56,0.62,0.64,0.87,0.5,0.89,0.96,1.19,0.74,1.25,1.28,1.26,1.26
Jharkhand,Simdega,,,,0.42,0.31,0.49,0.84,,1.09,0.68,1.61,0.81,1.3,1.28,1.78,0.91,0.68,0.66,0.69,0.7,0.79,0.8
Jharkhand,West singhbhum,,,,,0.9,,0.65,1.03,0.79,1.3,0.94,0.68,1.15,0.71,0.61,0.94,0.57,0.5,0.53,0.56,0.53,0.54
Karnataka,Bagalkot,0.72,0.67,0.61,0.48,0.65,0.67,0.38,0.68,0.54,0.89,0.69,0.72,0.72,0.78,0.67,0.8,1.22,0.95,1.17,1.25,1.25,1.37
Karnataka,Bangalore rural,0.9,0.95,1.03,1.06,1.17,0.93,0.64,0.63,0.42,0.6,0.64,0.48,0.44,0.41,0.55,0.27,0.4,0.63,1.03,1.01,1.15,1.23
Karnataka,Belgaum,0.93,0.74,0.67,0.52,0.59,0.52,0.63,0.73,0.52,0.82,0.91,0.68,0.8,0.87,0.4,1.01,1.22,1.17,0.97,1.03,0.96,1.04
Karnataka,Bellary,0.74,0.65,0.48,0.45,0.41,0.4,0.36,0.57,0.35,0.44,0.52,0.64,1.05,0.85,0.79,1.03,1.47,1.05,1.29,1.31,1.13,1.25
Karnataka,Bengaluru urban,0.59,0.43,0.48,0.42,0.47,0.55,0.42,0.46,0.41,0.5,0.51,0.43,0.48,0.42,0.37,0.32,0.66,0.64,0.76,0.81,0.57,0.59
Karnataka,Bidar,0.52,0.63,0.68,0.63,0.55,0.65,0.73,0.83,0.46,0.9,1.01,1.32,1.46,0.58,0.65,0.43,1.76,0.82,1.19,1.31,1.31,1.32
Karnataka,Bijapur,0.47,0.45,0.43,0.23,0.33,0.41,0.26,0.42,0.33,0.45,0.3,0.5,0.59,0.54,0.25,0.72,0.8,0.55,0.62,0.79,0.89,0.91
Karnataka,Chamarajanagar,0.94,1.09,0.58,0.44,0.89,0.75,0.53,0.46,0.39,0.51,0.52,0.29,0.72,0.49,0.56,0.27,0.9,1.02,0.84,1.13,0.93,1.11
Karnataka,Chikballapur,,,,,,,,0.93,0.52,1,0.62,0.5,0.88,0.52,0.86,0.34,1.26,0.48,1.15,0.98,0.98,0.93
Karnataka,Chikmagalur,0.85,0.6,0.4,0.36,0.6,0.91,0.51,0.69,0.61,0.79,0.6,0.41,0.63,0.58,0.62,0.78,0.85,0.94,1.03,1.12,1.03,0.9
Karnataka,Chitradurga,1.05,0.67,0.68,0.36,0.85,0.61,0.4,0.72,0.51,0.54,0.48,0.54,0.69,0.64,0.63,0.23,1.02,0.41,0.69,0.85,0.54,0.79
Karnataka,Davangere,0.93,0.85,0.62,0.6,0.79,0.68,0.63,0.74,0.94,1.19,0.96,1,1,1.08,1.04,0.77,1.41,1.07,1.2,1.37,1.24,1.24
Karnataka,Dharwad,1.03,0.46,0.63,0.27,0.66,0.52,0.64,0.72,0.73,1.06,0.73,0.54,0.85,0.88,0.48,0.88,0.75,0.75,0.98,0.97,0.83,0.9
Karnataka,Gadag,0.5,0.36,0.25,0.21,0.48,0.47,0.26,0.48,0.34,0.65,0.59,0.53,0.7,0.69,0.42,0.41,0.74,0.38,0.69,0.57,0.59,0.86
Karnataka,Gulbarga,0.67,0.61,0.7,0.57,0.46,0.55,0.37,0.56,0.4,0.41,0.53,0.58,0.71,0.59,0.3,0.79,1.5,1.17,1.25,1.04,1.07,1.2
Karnataka,Hassan,0.5,0.43,0.4,0.29,0.65,0.76,0.43,0.55,0.53,0.77,0.65,0.27,0.41,0.57,0.49,0.41,0.46,0.51,0.6,0.86,0.74,0.72
Karnataka,Haveri,1.04,0.56,0.47,0.4,0.69,0.55,0.69,0.75,0.61,1.05,1.01,0.57,1.27,1.1,0.8,0.75,1.2,0.76,0.68,1.19,0.87,0.7
Karnataka,Kodagu,1,0.5,0.67,0.5,0.88,0.99,0.75,0.67,0.79,0.87,,0.6,0.91,0.75,0.68,0.5,1.11,0.78,1.11,1,1,
Karnataka,Kolar,1.34,0.56,0.34,0.69,0.7,0.82,0.4,1.02,0.85,0.89,1.3,0.62,0.97,0.43,0.64,0.45,1.44,0.57,0.92,1.12,1.03,1.15
Karnataka,Koppal,0.66,0.63,0.36,0.38,0.41,0.48,0.22,0.47,0.33,0.7,0.64,0.68,0.85,0.8,0.48,0.38,1,0.54,0.76,0.91,0.79,1.42
Karnataka,Mandya,0.63,0.57,0.56,0.59,0.7,0.9,0.66,0.72,0.74,0.74,0.61,0.28,0.57,0.39,0.57,0.42,0.56,0.7,0.71,0.92,0.77,0.66
Karnataka,Mysore,0.75,0.67,0.47,0.41,0.77,0.72,0.67,0.61,0.61,0.81,0.61,0.36,0.55,0.61,0.69,0.39,0.81,0.95,0.7,0.82,0.79,0.63
Karnataka,Raichur,0.57,0.57,0.46,0.4,0.33,0.47,0.34,0.54,0.32,0.62,0.47,0.66,0.71,0.7,0.55,0.92,1.01,0.77,0.89,0.9,0.92,1.76
Karnataka,Ramanagara,,,,,,,,0.78,0.67,0.66,0.9,0.71,1.15,0.86,0.99,0.84,0.72,1,1.03,1.19,1.16,1.01
Karnataka,Shimoga,1.29,0.81,0.9,0.85,1.12,1.19,1.48,1.8,1.43,1.64,1.49,1.41,1.59,1.62,1.32,1.04,1.61,1.79,2.15,2.44,1.6,1.42
Karnataka,Tumkur,1.34,0.4,0.57,0.34,0.73,0.48,0.31,0.82,0.4,0.52,0.29,0.31,0.51,0.51,0.68,0.33,0.76,0.57,0.89,0.81,0.62,0.78
Karnataka,Udupi,1.35,1.69,1.42,1.51,1.66,1.85,1.88,2.02,2.09,1.77,2.35,1.51,1.88,2.03,2.18,2.39,2.3,2,2.32,2.16,1.93,2.06
Karnataka,Vijayanagar,,,,,,,,,,,,,,,,,,,,,,1.37
Karnataka,Yadgir,,,,,,,,,,0.56,0.45,0.81,0.7,0.6,0.41,0.84,1.08,0.8,1.24,1.38,1.07,2
Kerala,Alappuzha,0.33,0.26,0.13,0.23,0.27,0.27,0.38,0.2,0.21,0.13,0.33,0.38,0.29,0.27,0.34,0.42,0.34,0.31,0.67,0.17,0.21,0.31
Kerala,Ernakulam,0.42,0.43,0.18,0.26,0.18,0.24,0.51,0.21,0.13,0.12,0.13,0.85,0.21,0.27,0.07,0.15,0.07,0.17,0.13,0.03,0.11,0.22
Kerala,Idukki,0.73,0.29,0.03,,0.75,,0.43,,0.4,,0.13,,,,,,,0.38,,0.45,,1
Kerala,Kannur,0.6,0,0,,0,0.15,,0.33,,,,,,0.33,0.32,,,0.45,,0.11,0.19,0.49
Kerala,Kasaragod,0,,0,,,0.67,1,1,,,,,0,,,,,,,1.26,,
Kerala,Kollam,0.5,0.47,0.43,0.49,0.48,0.68,0.6,0.4,0.65,0.68,0.59,0.47,0.49,0.5,0.36,0.39,1.03,0.84,0.93,0.85,0.68,0.96
Kerala,Kottayam,0.17,,0.04,0.5,0,0.25,,,,,,,,,,,,,0.74,,,
Kerala,Kozhikode,,0.25,0,,0,,,,,,,0,,,,0,0,0.38,,0.24,0.33,0.16
Kerala,Malappuram,0.41,0.24,0.17,0.25,0.3,0.31,0.45,0.38,0.41,0.45,0.34,0.31,0.34,0.34,0.25,0.2,0.2,0.23,0.39,0.29,0.53,0.81
Kerala,Palakkad,0.73,0.73,0.49,0.7,0.71,0.73,0.72,0.73,0.71,0.14,0.19,1.2,1.18,1.38,1.32,1.32,1.32,1.2,1.21,1.05,1.2,1.36
Kerala,Pathanamthitta,0,0,0,0.17,0.33,0.3,0,0,,,,,,,,0.04,0.12,0.4,0.74,0.47,0.06,0.47
Kerala,Thiruvananthapuram,0,1,0,,,,,1,1,,,,,,0.21,0.86,6.63,0.41,0.83,0.88,0.48,1.08
Kerala,Thrissur,0.41,0.26,0.06,0.09,0.21,0.34,0.14,0.33,0.33,0.17,0.25,0.31,0.33,0.2,0.41,0,0.18,1.59,0.1,0.01,0.18,0.82
Kerala,Wayanad,0.29,0.33,0.27,0.11,0.1,0.08,0.33,0,0,0.12,0.07,0.25,,0.45,0.43,0,0.37,0.38,0.73,0.76,,1.11
Ladakh,Kargil,,,,,,,,,,,,,,,,,,,,,,0.96
Ladakh,Leh ladakh,,,,,,,,,,,,,,,,,,,,1.49,0.42,1.6
Madhya Pradesh,Agar malwa,,,,,,,,,,,,,0.6,0.5,0.76,1.29,1.28,0.83,0.7,0.57,0.63,0.82
Madhya Pradesh,Alirajpur,,,,,,,,,0.81,0.94,0.88,0.99,0.65,1.83,0.91,1.26,1.17,1.05,0.63,0.82,0.87,1
Madhya Pradesh,Anuppur,,,,0.31,0.31,0.33,0.31,0.3,0.27,0.24,0.32,0.57,0.46,0.79,0.42,0.61,0.49,0.41,0.5,0.62,0.57,0.7
Madhya Pradesh,Ashoknagar,,,,0.95,0.87,0.99,0.98,1.04,1.1,1.26,1.18,2.06,0.94,0.73,1.31,0.67,1.02,1.45,1.29,0.51,1.04,1.03
Madhya Pradesh,Balaghat,0.45,0.4,0.52,0.56,0.47,0.49,0.49,0.52,0.65,0.61,0.79,0.65,0.53,0.71,0.54,0.6,0.37,0.57,0.89,0.49,0.56,0.68
Madhya Pradesh,Barwani,0.47,0.59,0.63,0.81,0.54,0.43,0.43,0.52,0.54,0.48,0.56,1.93,1.07,1.34,1.09,1.25,1.28,1.24,1.03,0.85,1.44,1.35
Madhya Pradesh,Betul,0.57,0.84,0.63,0.85,0.67,0.99,0.95,0.98,1.13,1.04,1.18,1.74,0.64,2.07,0.5,1.32,1.32,0.66,0.41,0.44,0.58,1.04
Madhya Pradesh,Bhind,0.87,1.07,0.79,1.17,0.93,1.22,0.84,0.88,1.22,1.48,1.14,1.65,0.85,0.96,1.17,1.39,1.82,2.08,1.43,2.02,1.86,1.88
Madhya Pradesh,Bhopal,1.2,0.98,0.91,1.06,0.99,1.16,1.03,1.24,1.33,1.16,1.2,1.45,0.64,1.04,0.63,1.02,0.98,0.68,0.69,0.61,1.11,1.16
Madhya Pradesh,Burhanpur,,,,0.74,0.51,0.66,0.74,0.61,0.71,0.56,0.58,1,1.42,0.64,0.52,1.5,1.6,1.14,0.97,0.57,0.99,1.1
Madhya Pradesh,Chhatarpur,0.32,0.4,0.3,0.44,0.46,0.4,0.3,0.33,0.44,0.38,0.39,0.64,0.48,1.17,0.61,0.75,0.67,0.76,0.43,0.59,0.73,0.9
Madhya Pradesh,Chhindwara,0.76,0.69,0.63,1.28,0.88,0.85,1.23,1.36,1.54,1.8,1.79,2.27,0.92,1.18,1.03,1.36,1.26,1.15,2,1.83,1.52,1.61
Madhya Pradesh,Damoh,0.48,0.71,0.42,0.92,0.89,0.95,0.79,0.57,1.09,1.41,1.28,1.25,0.5,1.13,1.25,0.86,1.29,0.92,0.67,0.62,0.93,0.95
Madhya Pradesh,Datia,0.79,0.89,0.48,0.77,0.63,0.71,0.54,0.44,0.62,0.59,0.8,0.86,0.77,0.8,0.62,0.46,0.48,0.78,1.16,0.91,1.3,1.61
Madhya Pradesh,Dewas,1.01,1.16,0.99,1.41,1.05,1.28,1.19,1.2,1.28,1.25,1.29,1.6,0.76,0.68,0.63,1.48,0.98,1.23,0.66,0.54,1.06,1.02
Madhya Pradesh,Dhar,0.85,0.87,0.84,1.16,0.91,1.26,1.25,1.31,1.64,1.32,1.31,1.59,1.49,0.91,1.3,1.61,1.31,1.49,0.99,0.64,1.61,1.6
Madhya Pradesh,Dindori,0.21,0.37,0.26,0.42,0.44,0.34,0.36,0.36,0.37,0.36,0.37,0.48,0.48,0.64,0.54,0.64,0.74,0.43,0.71,0.75,0.6,0.79
Madhya Pradesh,Guna,0.96,0.94,0.33,1.06,0.79,1.04,0.96,1.12,1.03,1.18,1.4,1.27,0.6,1.53,0.64,0.83,0.83,1.1,0.57,0.54,0.68,1.16
Madhya Pradesh,Gwalior,0.75,0.83,0.68,1.08,1.13,1.2,0.81,0.78,0.99,1.1,1.19,1.09,0.79,0.82,0.9,1.17,0.79,0.79,1.31,0.86,1.34,1.63
Madhya Pradesh,Harda,0.96,1.2,0.83,1.32,0.41,1.81,1.66,1.39,1.69,1.38,1.44,1.21,0.27,1.35,0.55,1.52,0.75,0.98,0.55,0.55,1.08,1.07
Madhya Pradesh,Hoshangabad,0.98,1.02,0.64,1.02,0.54,1.05,1.21,1.09,1.32,0.64,0.64,0.86,0.1,1.65,0.47,1.15,0.64,1.03,0.66,0.59,1.03,1.08
Madhya Pradesh,Indore,1.03,0.98,0.76,1.08,1.08,1.12,1.23,1.39,1.77,1.14,1.16,1.45,1.01,1.06,0.76,1.59,0.91,1.49,1.5,1.26,1.02,1.24
Madhya Pradesh,Jabalpur,0.54,0.61,0.36,0.58,0.63,0.64,0.58,0.42,0.55,0.73,0.68,1.04,0.34,1.07,0.65,0.96,0.67,0.58,1.16,0.95,0.92,0.95
Madhya Pradesh,Jhabua,0.37,0.59,0.61,0.87,0.7,0.76,0.73,0.81,0.73,0.78,0.74,0.95,0.91,0.88,1.33,1.61,1.45,0.88,0.78,0.65,0.85,0.89
Madhya Pradesh,Katni,0.29,0.37,0.25,0.41,0.42,0.4,0.29,0.28,0.37,0.26,0.35,0.47,0.91,0.77,0.55,0.74,0.67,0.7,0.88,0.88,0.83,0.82
Madhya Pradesh,Khandwa,0.33,0.45,0.5,0.63,0.5,0.6,0.69,0.71,0.64,0.54,0.56,0.87,0.82,1.29,0.53,1.34,0.76,0.76,0.43,0.42,0.48,0.52
Madhya Pradesh,Khargone,0.43,0.57,0.64,0.91,0.65,0.58,0.72,0.78,0.72,0.72,0.71,0.98,0.84,1.3,1.48,1.56,1.04,1,0.56,0.61,0.97,0.95
Madhya Pradesh,Mandla,0.18,0.43,0.44,0.56,0.57,0.56,0.55,0.55,0.51,0.49,0.59,0.51,0.62,0.88,0.64,0.55,0.45,0.6,1.07,0.98,0.71,0.67
Madhya Pradesh,Mandsaur,0.58,0.72,0.54,1.04,0.91,0.69,0.88,0.84,0.74,1.29,1.36,1.76,1.21,0.91,0.77,1.37,1.14,0.85,0.4,0.44,0.97,0.97
Madhya Pradesh,Morena,1.2,1.18,0.78,1.33,1.26,1.44,1.29,1.36,1.28,1.58,1.69,1.7,1.02,1.02,1.26,1.46,1.35,1.99,1.99,2.08,1.71,1.83
Madhya Pradesh,Narsinghpur,1.02,1.65,0.94,1.84,1.68,1.69,1.56,1.28,1.86,2.18,1.63,1.78,0.4,1.3,0.72,1.35,0.37,0.76,0.71,0.63,1.22,1.33
Madhya Pradesh,Neemuch,0.65,0.84,0.47,1.26,0.91,0.69,0.75,0.79,0.95,0.85,0.88,1.56,1.06,0.83,0.82,1.52,1.37,0.84,0.39,0.5,0.95,1.24
Madhya Pradesh,Niwari,,,,,,,,,,,,,,,,,,,1.02,1.46,1.79,1.68
Madhya Pradesh,Panna,0.28,0.37,0.29,0.32,0.36,0.45,0.37,0.45,0.54,0.6,0.63,0.7,0.51,1,0.5,0.63,0.77,0.61,0.69,0.68,0.73,0.74
Madhya Pradesh,Raisen,0.77,0.78,0.74,0.96,0.87,1.06,1.14,1.19,1.14,0.92,0.73,0.93,0.24,1.26,0.46,0.85,0.61,0.45,0.45,0.41,0.41,0.7
Madhya Pradesh,Rajgarh,0.52,0.61,0.34,1.13,0.88,1.18,0.84,0.98,0.88,0.86,0.86,1.23,0.58,1.33,0.62,1.16,1.22,0.93,0.4,0.41,1.08,1.11
Madhya Pradesh,Ratlam,0.7,0.63,0.43,1.15,0.7,1,1.18,1.2,0.94,1.28,1.28,1.52,1.12,0.91,0.92,1.45,1.78,0.97,0.66,0.56,0.99,0.98
Madhya Pradesh,Rewa,0.41,0.37,0.3,0.38,0.38,0.44,0.42,0.41,0.52,0.53,0.45,0.48,0.78,0.88,0.63,0.75,0.75,0.54,0.85,0.64,0.74,1.18
Madhya Pradesh,Sagar,0.78,0.66,0.46,0.96,0.82,0.81,0.82,0.57,0.91,0.89,0.99,1.3,0.42,1.23,0.77,0.53,0.59,1.01,0.56,0.52,1.27,1.27
Madhya Pradesh,Satna,0.34,0.48,0.28,0.46,0.46,0.52,0.43,0.42,0.51,0.49,0.48,0.46,0.21,1.83,0.44,0.72,0.69,0.33,0.33,0.58,0.5,1
Madhya Pradesh,Sehore,0.89,1.01,1.01,1.3,1.29,1.27,0.89,1.2,1.52,1.3,1.24,1.24,0.48,1.34,0.57,1.48,0.83,1.17,0.5,0.48,1.07,1.06
Madhya Pradesh,Seoni,0.44,0.9,0.75,0.98,0.78,0.73,0.96,0.87,0.98,0.88,0.93,1.14,0.3,1.16,0.6,1.15,0.26,0.63,0.81,0.98,0.26,0.82
Madhya Pradesh,Shahdol,0.24,0.27,0.26,0.29,0.29,0.29,0.28,0.32,0.38,0.58,0.37,0.62,0.74,0.83,0.62,0.57,0.35,0.49,0.65,0.59,0.57,0.72
Madhya Pradesh,Shajapur,0.83,0.62,0.48,0.99,0.83,0.98,0.84,0.93,0.9,1.12,1.12,1.34,0.77,0.78,0.76,1.48,1.03,1.34,0.38,0.38,0.96,0.96
Madhya Pradesh,Sheopur,0.74,1.12,0.76,1.44,0.75,1.1,0.99,0.96,1.03,0.86,1.07,1.25,1.33,1.15,0.97,1.19,0.87,1.18,1.33,1.29,1.15,1.47
Madhya Pradesh,Shivpuri,0.94,1.02,0.31,0.99,0.95,1,0.81,0.61,1.06,1.15,1.25,1.18,0.98,1.49,0.77,1.13,1.15,1.3,1.13,0.88,1.02,1.52
Madhya Pradesh,Sidhi,0.21,0.23,0.22,0.29,0.3,0.34,0.32,0.37,0.39,0.35,0.61,0.43,0.48,0.79,0.5,0.46,0.5,0.39,0.57,0.88,0.51,0.57
Madhya Pradesh,Singrauli,,,,,,,,,0.5,0.5,0.53,0.81,0.82,0.68,0.6,0.47,0.46,0.76,0.98,0.61,0.71,0.76
Madhya Pradesh,Tikamgarh,0.82,1.06,0.5,1.05,0.74,0.69,0.51,0.43,0.76,0.74,0.72,0.73,0.56,1.32,0.63,0.81,0.64,0.9,1.04,0.98,1.42,1.43
Madhya Pradesh,Ujjain,0.61,0.64,0.48,1.09,0.7,1.04,1.08,1.19,1.48,1.38,1.38,1.46,0.78,0.69,0.72,1.47,1.05,1.28,0.47,0.37,1.27,1.25
Madhya Pradesh,Umaria,0.19,0.27,0.23,0.3,0.35,0.33,0.31,0.29,0.39,0.35,0.37,0.4,0.43,0.77,0.37,0.6,0.59,0.47,0.66,0.56,0.54,0.59
Madhya Pradesh,Vidisha,1.02,0.94,0.85,0.86,1.04,1.13,0.98,1,1.17,1.11,1.2,1.11,1.01,1.17,0.66,0.59,1.35,0.95,0.58,0.57,0.99,1.05
Maharashtra,Ahilyanagar,0.7,0.76,0.67,0.54,0.98,0.8,1,1.2,0.85,1.38,1.69,0.49,1.05,0.62,0.47,0.92,1.38,0.61,0.57,1.54,1.47,1.75
Maharashtra,Akola,0.84,0.89,1.31,1.06,0.58,0.69,1.39,1.76,0.95,1.78,1.19,1.91,1.03,0.31,0.46,1.4,0.71,1.39,0.92,1.22,1.09,1.59
Maharashtra,Amravati,0.66,0.9,0.92,1.34,0.48,1.09,1.46,1.64,0.8,1.56,1.24,1.52,0.97,0.36,0.37,1.33,0.92,1.2,0.83,0.92,1.04,0.7
Maharashtra,Beed,0.45,0.47,0.59,0.46,0.57,0.71,0.61,0.46,0.52,1.13,1.35,1.45,1.69,0.33,0.15,0.71,0.66,0.24,0.76,1.93,0.92,1.46
Maharashtra,Bhandara,0.6,0.71,0.74,1.19,0.77,0.68,0.64,0.81,0.63,1.17,0.51,0.63,0.34,0.36,0.24,0.83,0.77,0.83,0.79,0.31,0.52,0.37
Maharashtra,Buldhana,0.66,1.26,1.14,1.57,0.89,0.51,1.19,1.89,0.73,1.79,1.41,1.53,1.47,0.54,0.46,1.9,1.18,1.1,1.34,1.65,1.67,1.77
Maharashtra,Chandrapur,1.06,1.16,1.07,1.01,0.88,0.96,1.07,1.21,0.34,0.95,0.85,0.99,0.62,0.5,0.5,0.99,0.93,1.58,0.87,0.85,1.41,1.2
Maharashtra,Chhatrapati Sambhajinagar,0.34,0.44,0.48,0.43,0.54,0.65,0.79,0.87,0.64,1.2,1.02,0.56,1.09,0.41,0.42,0.97,0.49,0.55,0.82,0.9,0.7,0.83
Maharashtra,Dharashiv,0.46,0.35,0.46,0.24,0.63,0.73,0.57,0.76,0.51,0.98,1.05,0.66,1.47,0.4,0.17,0.37,0.63,0.53,1.1,1.55,1.03,1.12
Maharashtra,Dhule,0.24,0.72,0.62,0.92,0.84,0.59,0.65,0.92,0.83,1.65,1.1,1.11,1.15,0.99,0.59,1.04,1.44,0.8,0.69,0.96,0.91,1.32
Maharashtra,Gadchiroli,0.48,0.59,0.47,0.54,0.5,0.31,0.56,0.62,0.33,0.64,0.76,0.87,0.69,0.56,0.34,0.55,0.33,0.43,0.41,0.27,0.47,0.37
Maharashtra,Gondia,0.18,0.19,0.17,0.17,0.16,0.18,0.15,0.17,0.2,0.23,0.19,0.23,0.21,0.16,0.17,0.22,0.3,0.25,0.2,0.22,0.27,0.3
Maharashtra,Hingoli,0.68,0.85,0.91,1.27,0.69,1.08,0.79,1.49,0.85,1.4,1.26,1.72,1.02,0.3,0.45,1.04,1.11,1.37,1.95,1.07,0.95,1.52
Maharashtra,Jalgaon,0.38,0.55,0.75,0.7,0.78,0.87,1.12,1.14,1.23,1.14,1.45,1.22,1.26,1.26,0.53,2.34,1.47,1.25,0.59,1.1,0.65,1.31
Maharashtra,Jalna,0.45,0.54,0.67,0.63,0.73,0.96,0.86,0.99,0.94,1.36,1.42,0.68,1.64,0.37,0.47,1.51,0.69,0.9,1.69,1.95,1.26,1.7
Maharashtra,Kolhapur,1.71,1.85,1.75,1.82,1.6,1.1,1.23,1.89,1.66,2.07,1.88,1.95,2.07,1.85,1.74,2.09,1.81,1.85,1.63,1.89,1.95,1.81
Maharashtra,Latur,0.5,0.43,0.5,0.72,0.52,1.06,0.37,0.98,0.6,1.82,1.49,2.1,1.99,0.6,0.31,0.79,1.15,1,1.09,1.7,1.2,1.08
Maharashtra,Mumbai suburban,,,,,,,,,,,,,,,,,,,0.22,,,
Maharashtra,Nagpur,0.76,0.96,1.05,1.24,0.72,1.03,1.28,1.34,0.77,1.17,0.65,1,0.43,0.36,0.4,1.19,1.14,0.81,1.66,0.41,0.77,1.18
Maharashtra,Nanded,0.47,0.95,1,1.06,0.81,0.85,0.68,1.01,0.46,1.38,1.21,1.45,1.24,0.3,0.32,0.36,0.69,1.38,1.34,1.36,0.81,1.21
Maharashtra,Nandurbar,0.5,0.7,1.07,1.14,0.94,1.25,1.03,1.35,1.23,1.35,1.6,1.64,1.15,0.95,0.87,2.18,1.33,1.15,1.31,1.35,1.17,1.37
Maharashtra,Nashik,0.52,0.65,0.64,0.71,0.99,1.05,0.9,1.04,0.92,1.06,1.1,1.1,1.15,1.27,1.06,1.49,1.82,0.9,0.93,1.73,1.6,1.61
Maharashtra,Palghar,,,,,,,,,,,1,,,0.48,0.33,0.32,0.36,0.15,0.4,0.31,0.48,0.43
Maharashtra,Parbhani,0.62,0.8,0.95,0.94,0.46,0.78,0.9,1.07,0.71,1.15,1.01,1.22,1.1,0.33,0.23,0.99,0.88,1.1,1.02,1.37,0.43,1.53
Maharashtra,Raigad,0.78,0.61,0.71,0.67,0.8,0.7,0.8,0.78,0.71,0.64,0.76,1.1,3,2,0.77,0.82,1.37,4.04,0.72,0.74,0.82,3.91
Maharashtra,Ratnagiri,0.67,0.73,0.54,0.69,0.64,0.52,0.42,0.56,0.33,0.35,0.42,0.35,0.35,0,0.15,0.62,0.74,1.29,0.8,0.7,0.79,1.07
Maharashtra,Sangli,1.7,1.17,1.21,1.44,1.41,1.05,1.05,1.57,1.21,1.61,1.38,1.3,1.72,1.14,1.22,1.86,1.47,1.71,0.84,1.9,1.45,1.38
Maharashtra,Satara,1.36,1.4,1.29,1.44,1.46,0.96,0.87,1.49,1.53,1.57,1.5,1.49,1.81,1.64,1.52,1.48,1.69,1.46,1.27,2.09,2.1,1.96
Maharashtra,Sindhudurg,1.61,1.69,1.98,1.66,1.68,1.65,1.5,1.92,1.41,1.48,1.49,1.52,1.77,1.47,1.34,1.44,1.92,2.5,1.67,1.84,1.65,1.55
Maharashtra,Solapur,0.56,0.51,0.42,0.15,0.64,0.59,0.6,0.83,0.69,0.75,0.88,0.86,0.98,0.8,0.26,0.47,0.91,0.3,0.67,1.17,1.13,0.92
Maharashtra,Thane,0.32,0.46,0.54,0.47,0.49,0.41,0.41,0.44,0.42,0.34,0.39,0.42,0.33,0.2,0.49,0.45,1.5,,0.9,0.45,0.75,0.62
Maharashtra,Wardha,1.16,1.27,1.05,1.45,1.03,1.08,1.2,1.33,0.58,1.11,0.88,1.07,0.67,0.48,0.54,1.2,1.52,1.31,1.31,0.55,1.61,1.19
Maharashtra,Washim,0.95,1.37,1.23,1.31,0.88,0.94,1.21,1.58,0.36,1.42,1.32,1.68,0.84,0.41,0.56,1.46,0.76,1.36,1.09,1.76,1.64,1.37
Maharashtra,Yavatmal,1.06,1.16,1.3,1.36,0.53,1.13,1.08,1.24,0.41,1.37,1.34,1.64,0.57,0.35,0.5,1.05,0.81,1.17,0.86,0.99,1,0.81
Manipur,Bishnupur,0.4,,,,0.44,0.43,,0.5,0.92,0.75,0.76,0.85,0.84,0.86,0.84,0.84,0.85,0.78,,,0.7,0.95
Manipur,Chandel,0.52,0.49,1.12,1,1,0.87,0.92,0.57,0.59,0.88,0.89,0.82,0.85,0.87,0.85,0.85,0.89,0.87,,,0.69,0.8
Manipur,Churachandpur,0.47,,,0.49,0.49,0.49,0.49,0.49,0.59,0.81,0.82,0.79,0.82,0.85,0.85,0.85,0.86,0.87,,,0.61,0.82
Manipur,Imphal east,,,,,,,,,0.85,0.75,0.76,0.87,0.89,0.92,0.88,0.88,0.9,0.9,,,0.76,0.81
Manipur,Imphal west,,,,,0.45,0.5,,,0.89,0.76,0.78,0.88,0.88,0.91,0.86,0.87,0.89,0.88,,,0.78,0.86
Manipur,Senapati,0.45,0.44,0.48,1,1,0.57,,,0.66,0.78,0.79,0.79,0.82,0.84,0.83,0.84,0.85,0.85,,,0.56,0.56
Manipur,Tamenglong,,1,,0.18,,0.5,,1,0.58,0.81,0.82,0.81,0.85,0.87,0.85,0.85,0.87,0.87,,,0.62,0.83
Manipur,Thoubal,,,,,,,1.25,0.45,0.9,0.8,0.81,0.88,0.84,0.86,0.87,0.89,0.9,0.89,,,0.73,0.69
Manipur,Ukhrul,,,1.2,1.22,1.2,,,,0.59,0.68,0.73,0.77,0.78,0.81,0.81,0.82,0.83,0.83,,,0.54,0.54
Meghalaya,East garo hills,0.63,0.67,0.5,0.51,0.55,0.5,0.53,0.49,0.65,0.67,0.68,0.9,0.82,0.84,0.87,0.87,0.87,0.87,0.87,0.87,1.03,0.88
Meghalaya,East jaintia hills,0.95,0.96,0.97,0.99,0.97,0.81,0.97,0.8,0.51,1.15,1.16,1.3,1.35,1.38,1.45,1.32,1.33,1.34,1.33,1.33,1.53,1.44
Meghalaya,East khasi hills,0.74,0.8,0.8,0.79,0.81,0.56,0.87,0.65,0.62,0.93,0.94,1.14,1.17,1.21,1.23,1.18,1.18,1.19,1.19,1.19,1.22,1.2
Meghalaya,North garo hills,,,,,,,,,,,,,1.03,1.06,1.08,0.61,0.61,0.61,0.61,0.61,1.06,0.62
Meghalaya,Ri bhoi,0.71,0.71,0.74,0.74,0.74,0.43,0.76,0.43,0.44,0.78,0.79,0.97,0.99,1.03,1.05,1.03,1.03,1.03,1.03,1.03,1.26,1.04
Meghalaya,South garo hills,0.63,0.63,0.76,0.64,0.64,0.56,0.58,0.51,0.56,0.56,0.57,0.85,0.88,0.9,0.92,0.92,0.92,0.93,0.93,0.93,2.09,0.95
Meghalaya,South west garo hills,,,,,,,,,,,,,1.08,1.1,1.12,1.09,1.09,1.1,1.1,1.1,5.91,1.11
Meghalaya,South west khasi hills,,,,,,,,,,,,,1.31,1.31,1.47,1.39,1.39,1.37,1.37,1.37,1.38,1.43
Meghalaya,West garo hills,0.66,0.66,0.65,0.65,0.66,0.66,0.66,0.66,0.66,0.67,0.67,1.02,1.04,1.05,1.07,1.07,1.07,1.07,1.07,1.08,5.81,1.08
Meghalaya,West jaintia hills,,,,,,,,,,,,,1.34,1.38,1.41,1.36,1.36,1.36,1.37,1.37,1.46,1.38
Meghalaya,West khasi hills,0.9,0.52,0.56,0.57,0.67,0.71,0.8,0.71,0.73,0.8,0.82,1.05,1.04,1.07,1.12,1.1,1.11,1.11,1.11,1.11,1.17,1.12
Mizoram,Aizawl,0.74,0.73,0.77,0.88,1.31,1.11,0.82,0.14,1.17,2.55,1.1,1.28,1.28,1.32,1.2,1.32,1.33,1.23,0.31,1.36,1.43,1.4
Mizoram,Champhai,0.7,0.49,0.5,1.27,0.76,0.86,1.12,0.29,0.77,0.82,0.92,0.93,1.08,0.98,1,0.99,0.89,0.88,0.89,0.88,0.85,1.07
Mizoram,Hnahthial,,,,,,,,,,,,,,,,,,,,1.04,0.88,1.04
Mizoram,Khawzawl,,,,,,,,,,,,,,,,,,,,1.19,0.99,0.81
Mizoram,Kolasib,0.6,0.6,0.72,0.76,1.01,1.18,1.36,0.28,0.9,0.82,0.85,1.21,1.31,1.33,1.34,1.34,1.32,1.36,0.25,1.17,1.19,1.03
Mizoram,Lawngtlai,,,,,0.48,0.62,0.47,0.19,0.43,0.47,0.45,0.45,0.56,0.53,0.75,0.74,0.75,1.03,0.17,0.99,0.68,1.01
Mizoram,Lunglei,1.78,0.91,0.91,0.91,0.86,0.78,0.99,0.27,1.8,0.75,0.87,0.89,1.04,0.92,0.87,0.76,0.89,1.05,0.09,1.18,1.21,1.2
Mizoram,Mamit,,,,0.62,0.74,0.7,0.75,0.17,0.72,0.95,0.97,0.72,1.05,0.45,0.88,0.89,0.71,0.67,0.4,0.74,0.57,0.67
Mizoram,Saiha,,,,0.52,0.63,0.9,0.93,0.29,0.72,1.18,0.53,0.45,0.58,1.33,0.83,1.09,0.62,0.74,0.11,0.88,1,0.92
Mizoram,Saitual,,,,,,,,,,,,,,,,,,,,1.11,1.15,1.14
Mizoram,Serchhip,,,,,0.61,0.64,0.92,0.18,1.43,1.54,1.53,1.48,1.33,1.43,1.43,1.43,1.33,1.37,0.41,0.79,1.34,1.34
Nagaland,Chumoukedima,,,,,,,,,,,,,,,,,,,,,,0.99
Nagaland,Dimapur,0.87,0.58,1.3,0.92,1.02,1.02,0.88,1.01,0.89,0.97,0.98,0.98,1.01,0.98,0.98,0.98,0.98,0.98,0.98,0.99,1.07,0.92
Nagaland,Kiphire,,,,,,,,,0.77,1.04,1.04,1.04,1.06,1.04,1.01,1.02,1.02,1.03,1.03,1.09,0.86,1.09
Nagaland,Kohima,0.87,1.2,1.49,1.2,1.38,0.93,0.88,0.89,0.8,1.06,1.06,1.06,1.1,1.07,1.03,1.03,1.03,1.03,1.03,1.07,0.97,1.02
Nagaland,Longleng,,,,,,,,,0.76,1.02,1.04,1.04,1.07,1.04,1.02,1.03,1.03,1.03,1.03,1.08,1.05,1.02
Nagaland,Mokokchung,0.91,1.08,1.15,1.12,1.07,0.73,0.8,0.82,0.83,0.95,0.96,0.96,1,0.97,0.96,0.96,0.96,0.96,0.95,0.98,0.96,1.02
Nagaland,Mon,0.91,0.71,1.15,1.17,1.2,0.77,0.91,0.87,0.79,1.07,1.08,1.08,1.1,1.08,1.07,1.07,1.07,1.07,1.07,1.1,0.94,1.08
Nagaland,Noklak,,,,,,,,,,,,,,,,,,,,,1.06,1.06
Nagaland,Peren,,,,,,,,,0.78,0.94,0.95,0.96,0.97,0.95,0.95,0.96,0.96,0.97,0.97,0.98,0.96,1.06
Nagaland,Phek,0.91,1.1,1.29,1.18,1.27,0.99,0.87,0.84,0.87,1.03,1.03,1.04,1.07,1.04,1.02,1.01,1.01,1.01,1.01,1.04,0.85,1.03
Nagaland,Shamator,,,,,,,,,,,,,,,,,,,,,,0.98
Nagaland,Tseminyu,,,,,,,,,,,,,,,,,,,,,,1.01
Nagaland,Tuensang,0.9,0.57,1.38,1.31,1.22,0.8,0.97,0.91,0.82,1.06,1.06,1.06,1.08,1.06,1.04,1.04,1.04,1.04,1.04,1.08,0.82,1.01
Nagaland,Wokha,0.87,1.94,1.11,1,1.05,0.77,0.8,0.78,0.81,0.98,0.97,0.98,1,0.98,0.96,0.97,0.98,0.98,0.98,1.02,0.87,1.05
Nagaland,Zunheboto,1.02,1.15,1.14,1.44,1.37,1.07,1.03,0.94,0.92,1.2,1.19,1.2,1.21,1.2,1.18,1.18,1.18,1.18,1.18,1.17,0.96,1.08
Odisha,Anugul,0.39,0.39,0.34,0.49,0.47,0.56,0.54,0.48,0.56,0.54,0.57,0.71,0.67,0.82,0.8,0.91,0.9,0.95,1.32,1.22,0.94,0.86
Odisha,Balangir,0.24,0.37,0.31,0.49,0.54,0.43,0.54,0.58,0.57,0.55,0.45,0.72,0.71,0.9,0.61,0.66,0.56,0.65,0.92,1.14,1.37,1.38
Odisha,Baleshwar,0.82,0.63,0.62,0.74,0.77,0.77,0.83,0.68,0.6,0.65,1.02,0.99,0.81,0.96,0.85,0.7,0.78,0.86,1.07,1.32,0.72,0.91
Odisha,Bargarh,0.63,0.78,0.72,1,0.87,0.9,0.89,1.04,0.95,0.92,0.84,1.02,1.05,0.83,0.72,0.88,0.84,0.79,0.96,1.28,1.51,1.68
Odisha,Bhadrak,0.63,0.52,0.37,0.61,0.39,0.74,0.26,0.43,0.51,0.35,0.3,0.64,0.43,0.57,0.46,1.09,0.62,0.54,1.39,0.28,0.44,0.91
Odisha,Boudh,0.21,0.28,0.14,0.27,0.19,0.25,0.22,0.16,0.19,0.12,0.22,0.25,0.19,0.17,0.21,0.25,0.41,0.23,0.93,0.18,0.27,0.29
Odisha,Cuttack,0.77,0.75,0.74,1.14,0.87,0.94,0.96,1.09,1.04,0.89,1.18,1.04,1.31,1.54,0.84,1.07,1.37,1.22,1.62,1.68,1.65,1.73
Odisha,Deogarh,0.26,0.38,0.23,0.48,0.36,0.44,0.38,0.35,0.36,0.33,0.3,0.51,0.4,0.42,0.56,0.72,0.51,0.92,1.04,1.53,0.98,0.84
Odisha,Dhenkanal,0.6,0.78,0.61,0.93,0.97,1.1,0.99,1.09,1.14,1.35,1.33,1.38,2,1.55,1.2,1.38,1.58,1.34,1.39,1.3,1.6,1.81
Odisha,Gajapati,0.5,0.47,0.5,0.52,0.52,0.21,0.3,0.24,0.37,0.39,0.43,0.48,0.47,0.26,0.31,0.45,0.49,0.3,0.94,0.26,0.36,0.39
Odisha,Ganjam,0.81,0.68,0.58,0.77,0.79,0.89,0.84,0.83,0.78,0.82,0.87,1.11,0.8,0.99,0.88,1.25,0.89,0.78,0.8,0.7,0.89,0.81
Odisha,Jagatsinghapur,0.93,0.85,1.17,1.01,1.04,1.32,1.15,1.14,1.22,1,1.33,1.47,1.78,1.66,1.28,1.31,1.24,1.21,1.32,2,1.53,1.57
Odisha,Jajapur,0.69,1.2,0.99,1.6,1.61,1.58,1.34,1.53,1.56,1.39,1.62,0.96,1.79,1.19,1.02,1.48,0.82,1.15,1.39,1.5,1.42,1.32
Odisha,Jharsuguda,0.21,0.38,0.2,0.4,0.34,0.34,0.34,0.32,0.44,0.29,0.5,0.57,0.61,1.4,0.3,0.52,0.57,0.74,0.64,0.63,0.52,0.63
Odisha,Kalahandi,0.44,0.52,0.41,0.56,0.6,0.39,0.42,0.47,0.67,0.91,0.45,0.79,0.77,0.78,0.47,0.81,0.52,0.45,0.85,0.49,0.64,0.83
Odisha,Kandhamal,0.24,0.21,0.19,0.24,0.23,0.19,0.17,0.22,0.21,0.18,0.22,0.25,0.27,0.25,0.2,0.24,0.26,0.31,0.44,0.34,0.35,0.38
Odisha,Kendrapara,1.04,0.84,0.97,1.08,1.33,1.3,1.13,1.19,1.06,0.92,1.02,0.89,1.58,1.47,1.15,1.12,1.14,1.75,1.32,1.19,1.89,1.2
Odisha,Kendujhar,0.2,0.23,0.13,0.3,0.26,0.34,0.27,0.27,0.37,0.37,0.3,0.37,0.44,0.39,0.7,0.47,0.35,0.27,0.76,1.37,0.75,0.74
Odisha,Khordha,0.63,0.89,0.42,0.62,0.84,1.12,0.83,1.05,0.91,0.92,0.88,0.96,0.9,0.46,1.07,2.19,1.89,3.53,1.48,2.31,1.52,1.42
Odisha,Koraput,0.25,0.22,0.16,0.21,0.26,0.45,0.44,0.66,0.47,0.58,0.18,0.74,0.94,0.45,1.06,0.42,0.55,0.58,0.61,0.63,0.53,0.74
Odisha,Malkangiri,0.33,0.48,0.21,0.62,0.68,0.41,0.44,0.51,0.42,0.46,0.36,1.21,0.97,0.55,0.74,0.55,0.65,0.38,1.78,1.48,1.96,1.65
Odisha,Mayurbhanj,0.37,0.35,0.35,0.43,0.47,0.94,0.89,0.91,0.81,0.94,1.34,1.39,1.1,0.98,0.92,0.89,1.03,1.01,0.72,2.09,1,1.56
Odisha,Nabarangpur,0.26,0.36,0.19,0.28,0.28,0.5,0.59,1,0.68,0.58,0.24,0.55,0.63,0.81,0.46,0.43,0.32,0.37,0.59,0.74,0.8,0.84
Odisha,Nayagarh,0.34,0.38,0.29,0.31,0.34,0.35,0.26,0.4,0.33,0.38,0.42,0.51,0.25,0.21,0.13,0.22,0.39,0.15,0.59,0.78,0.44,0.61
Odisha,Nuapada,0.31,0.34,0.14,0.29,0.41,0.55,0.48,0.69,0.45,0.63,0.44,0.59,0.68,0.72,0.55,0.87,0.58,0.53,0.64,1.02,1.14,0.94
Odisha,Puri,0.55,0.77,0.64,1.07,0.82,1.01,0.91,1.03,0.99,0.97,1.01,1.19,1.4,1.22,1.18,1.74,1.42,1.77,1.62,1.86,1.87,1.89
Odisha,Rayagada,0.25,0.28,0.17,0.23,0.33,0.26,0.28,0.31,0.3,0.3,0.2,0.29,0.35,0.35,0.24,0.34,0.3,0.33,0.73,0.38,0.37,0.36
Odisha,Sambalpur,0.18,0.3,0.36,0.3,0.29,0.34,0.25,0.31,0.35,0.29,0.33,0.46,0.53,0.54,0.31,0.49,0.53,0.58,0.51,0.48,0.5,0.74
Odisha,Sonepur,0.54,0.57,0.61,0.82,0.93,1.03,0.78,0.72,1.17,1.02,0.98,0.75,1.11,0.8,1.04,1.04,1.49,1.04,1.01,1.89,1.19,2.31
Odisha,Sundargarh,0.28,0.36,0.31,0.33,0.37,0.35,0.39,0.53,0.42,0.39,0.62,0.46,0.58,0.57,0.36,0.55,0.55,0.52,0.71,0.77,0.71,0.86
Puducherry,Karaikal,1.88,1.61,,,0.22,0.89,0.72,0.96,0.5,1,0.88,0.4,1,1.5,,0.11,0.2,0.14,0.14,0.13,0.15,0.41
Puducherry,Mahe,1.39,,,,,,,,,,,,,,,,,,,,,
Puducherry,Pondicherry,8,1.89,,,1.89,1.88,1.89,1.85,1.72,1.69,1.27,1.91,1.88,2.35,2.41,2.58,2.57,2.52,2.24,2.18,1.81,1.63
Puducherry,Yanam,,,,,,0,,,,,,,,,,,,,,,,
Punjab,Amritsar,0.39,0.41,0.49,0.78,0.67,0.55,0.58,0.67,1,0.6,1,0.82,0.74,0.48,1.11,1.33,1.2,1.23,1.22,1.43,1.25,1.48
Punjab,Barnala,,,,,,,,1,1,1,,,,1.3,,1.33,1.2,1.33,1.67,1.8,1.86,2.29
Punjab,Bathinda,0.1,1,0.85,1.19,0.87,1.12,1.32,1.45,1.48,1.48,1.5,1.2,1.35,1.35,1.57,1.42,2,1.68,1.65,1.86,1.67,1.8
Punjab,Faridkot,0.1,0.75,0.85,1.62,0.92,1,0.91,,,1,,,,,,1.5,1,1.5,1.25,1.33,1.63,1.67
Punjab,Fatehgarh sahib,,1,1,1,2,1,1,1,,,,1.9,1.2,1.6,1.6,1.8,1.8,2.04,1.9,1.71,1.86,2
Punjab,Fazilka,,,,,,,,,,,,1.37,1.47,1.38,1.46,1.47,1.73,1.84,1.47,1.84,1.9,1.64
Punjab,Gurdaspur,0.27,0.4,0.75,0.73,0.96,0.75,0.84,1.08,0.85,0.87,1.08,1.08,1.19,1.05,1.35,1.35,1.4,1.48,1.25,1.54,1.43,1.69
Punjab,Hoshiarpur,0.87,0.62,0.77,1.24,0.9,0.86,0.98,0.84,1.14,1.37,1.11,1.45,1.32,1.23,1.2,1.31,1.38,1.3,1.36,1.39,1.42,1.37
Punjab,Jalandhar,0.5,0.5,0.85,1.39,0.85,1.28,0.83,0.81,0.8,0.86,0.92,1.52,1.23,1.17,1.32,1.35,1.08,1.33,1.44,1.33,1.5,1.5
Punjab,Kapurthala,0.5,0.6,0.92,1.29,0.92,1.75,0.91,0.91,1,1,1,1.69,1.3,1.5,1.5,1.43,1.71,1.2,1.4,1.33,1.56,1.29
Punjab,Ludhiana,0.1,1.33,1,1.67,1.48,1.48,1,1,1,2,2,1.5,1.3,1.5,1.3,1.69,1.81,1.91,1.79,1.77,1.48,1.91
Punjab,Malerkotla,,,,,,,,,,,,,,,,,,,,,1.5,1.5
Punjab,Mansa,0.1,1.43,0.65,1.15,0.96,0.93,0.91,0.96,1.41,1.5,1.48,1.55,1.35,1.05,1.2,1.5,1.67,1.8,1.93,1.69,1.68,1.58
Punjab,Moga,0.1,1,0.91,1,1,1,1,1,1,1,,1.4,1.2,1.1,1.1,1.8,1.6,1.6,1.67,1.83,1.57,1.63
Punjab,Muktsar,0.45,0.61,0.77,1.12,0.62,1.23,0.79,1.69,1.75,1.75,1,1.18,1.18,1.09,1.05,1.13,1.38,1.29,1.4,1.24,1.89,1.27
Punjab,Nawanshahr,0.55,1,0.95,1.29,1,1,0.95,2,1,1,1,1.6,1.27,1.2,1.3,1.32,1.5,1.47,1.5,1.56,1.46,1.63
Punjab,Pathankot,,,,,,,,,,,,0.8,1,0.93,0.83,1.07,0.92,0.86,1.07,1.33,0.8,1.14
Punjab,Patiala,,1,1,1.25,1,1,1,1,,1,,1.5,1.4,1.7,1.5,1.67,1.91,1.76,1.72,1.86,1.54,1.71
Punjab,Rupnagar,0.43,0.4,0.48,1.24,0.63,0.88,0.85,0.91,0.83,1,0.95,0.95,0.95,1.1,1.11,1.17,1.18,1.2,1.06,1.36,1.36,1.22
Punjab,Sangrur,1,1.33,0.94,1,1.28,1,1.45,1,1.05,1,1,1.48,1.1,1.4,1.15,1.33,1.31,1.67,1.86,1.71,1.71,2
Punjab,Tarn taran,,,,,,,0.68,0.31,0.47,0.43,0.4,0.85,0.4,0.4,0.39,1,0.9,0.92,0.91,1.09,1.35,1.27
Rajasthan,Ajmer,0.32,0.46,0.11,0.6,0.79,0.37,0.58,0.67,0.09,0.75,0.68,1.06,1.16,0.65,1.05,1.18,1.38,1.46,1.42,1.45,1.65,1.47
Rajasthan,Alwar,1.15,1.24,0.75,1.52,1.24,1.05,1.38,1.21,1.54,1.66,1.27,1.54,1.46,1.37,1.43,1.93,2.03,2.12,1.84,2.27,2.13,1.88
Rajasthan,Banswara,0.59,1.25,1.61,1.48,1.09,0.92,0.82,1.1,0.8,0.95,0.76,1.03,1.17,0.85,0.86,1.36,1.19,1.16,0.76,1.32,1.09,1.08
Rajasthan,Baran,1,1.21,0.49,1.4,1.5,1.41,1.34,1.46,1.24,1.6,1.79,1.58,0.8,1.15,0.83,1.22,1.58,1.56,0.81,1.13,1.03,1.31
Rajasthan,Barmer,0.57,0.69,0.8,1.16,0.85,0.82,0.88,0.76,0.61,0.83,0.7,0.69,1.12,0.79,0.93,0.73,1.13,1.12,1.01,1.17,1.06,1.18
Rajasthan,Bharatpur,1.14,1.04,1.03,1.46,1.25,1.28,1.33,1.25,1.71,1.82,1.62,1.62,1.45,1.37,1.49,1.92,1.91,2.21,1.64,2.1,1.96,1.92
Rajasthan,Bhilwara,0.62,0.77,0.28,0.8,0.92,0.74,0.73,0.72,0.31,0.62,0.68,0.89,1.05,0.81,0.74,0.99,1,1.16,1.14,1.41,1.45,1.27
Rajasthan,Bikaner,0.76,0.85,0.57,1.28,1.36,1.25,1.13,1.38,0.75,1.97,1.8,1.64,1.88,2.05,1.99,2.13,1.93,1.77,1.47,1.86,1.83,1.82
Rajasthan,Bundi,0.73,1.11,0.38,1.2,1.27,1.4,1.3,1.15,0.81,1.03,1.28,1.28,1.05,0.92,1.09,1.15,1.38,1.47,1.01,1.31,1.41,1.57
Rajasthan,Chittorgarh,0.58,0.98,0.78,1.29,1.19,1.31,1.08,1.16,1.05,1.15,1.36,1.41,1.03,1.16,0.73,0.98,1.06,1.47,0.62,1.32,1.16,1.24
Rajasthan,Churu,0.98,1.13,0.49,1.36,1.12,0.97,1.12,1.09,1.27,1.42,1.29,1.26,1.62,1.48,1.52,1.67,1.54,1.74,1.19,1.56,1.57,1.31
Rajasthan,Dausa,0.8,0.89,0.86,1.27,1.08,1.07,1.13,1.13,1.13,1.35,1.11,1.37,1.35,1.29,1.18,1.35,1.85,1.65,1.54,1.71,1.77,1.62
Rajasthan,Dholpur,0.92,1.33,1.13,1.16,1.23,1.32,1.5,1.17,1.4,1.76,1.52,1.28,1.23,1.14,1.3,2.09,2.19,2.14,1.86,2.28,2.19,2.25
Rajasthan,Dungarpur,0.18,0.38,0.11,0.7,0.66,0.54,0.71,0.77,0.68,1.02,0.93,1.13,0.8,1.01,0.86,1.19,0.91,1.3,0.44,0.94,0.94,0.68
Rajasthan,Ganganagar,0.97,1.26,1.09,1.54,0.98,1.42,1.36,0.57,1.38,1.92,1.05,1.43,1.56,1.4,1.51,1.48,1.71,1.86,1.52,1.81,1.75,1.66
Rajasthan,Hanumangarh,1.08,1.16,0.6,0.97,0.6,1.16,1.2,0.76,1.59,1.91,1.21,1.35,1.63,1.53,1.55,1.42,1.75,1.77,1.13,1.29,1.54,1.51
Rajasthan,Jaipur,0.68,0.86,0.71,1.17,1.1,1.11,1.15,0.88,0.92,1.1,1.16,1.19,1.23,1.15,1.13,1.39,1.57,1.46,1.59,1.72,1.61,1.23
Rajasthan,Jaisalmer,0.92,0.81,0.73,0.99,0.95,1.07,0.59,0.44,0.66,0.76,0.62,0.49,0.83,0.72,1.11,0.9,1.19,1.24,0.99,1.05,1.08,1.15
Rajasthan,Jalore,0.37,0.79,0.87,1.16,0.98,0.75,1.18,1.22,1.01,0.97,1.6,1.61,1.34,1.55,1.26,1.34,1.37,1.48,1.55,1.73,1.36,1.52
Rajasthan,Jhalawar,0.56,1.06,0.51,1.22,1.34,1.21,1.18,1.36,1.22,1.26,1.56,1.42,0.72,1.03,0.63,1.07,1.17,1.33,0.45,0.75,0.91,1.04
Rajasthan,Jhunjhunu,0.74,1.11,1.13,1.3,0.92,1.06,1.33,0.74,1.3,1.34,0.76,1.41,1.41,1.48,1.46,1.43,1.73,1.69,1.51,1.6,1.62,1.06
Rajasthan,Jodhpur,0.58,0.75,1.05,0.91,1.1,0.93,1.03,0.92,0.87,0.91,1.14,0.84,1.22,1.23,1.4,1.18,1.41,1.43,1.7,1.63,1.52,1.5
Rajasthan,Karauli,0.81,1.09,0.78,1.53,1.36,1.19,1.2,1.17,1.13,1.4,1.16,1.31,1.34,1.36,1.23,1.61,1.63,1.72,1.55,1.71,1.88,1.89
Rajasthan,Nagaur,0.81,0.77,0.88,1.04,0.88,1.16,1.06,0.92,0.98,0.6,0.95,0.82,0.79,0.87,1.12,0.72,1.21,1.36,0.85,1.23,1.14,1.16
Rajasthan,Pali,0.17,0.56,0.07,0.62,0.42,0.23,0.67,0.63,0.07,0.42,0.5,0.57,0.46,0.55,0.5,0.68,0.59,0.76,0.79,0.78,0.7,0.82
Rajasthan,Pratapgarh,,,,,,,,,1.53,1.34,1.2,1.21,1.16,1.12,0.89,1.33,1.22,1.42,0.43,1.2,1.18,1.26
Rajasthan,Rajsamand,0.16,1.15,0.09,0.91,0.58,0.83,0.79,1.02,0.51,0.83,0.62,0.71,0.79,0.71,0.51,1.11,1.06,1.21,1.27,1.41,1.1,0.95
Rajasthan,Sawai madhopur,0.57,0.85,0.37,1.04,0.99,1.22,1,0.84,0.88,1.24,1.03,1.18,1.02,1.19,0.87,1.48,1.43,1.66,1.59,1.56,1.65,1.47
Rajasthan,Sikar,0.91,1.29,0.87,1.27,1.35,1.2,1.26,0.82,1.26,1.31,1.09,1.33,1.39,1.46,1.39,1.39,1.6,1.68,1.45,1.73,1.49,0.86
Rajasthan,Sirohi,0.38,1.07,0.26,1.08,0.67,1.13,1.09,1.39,0.35,1.34,1.5,1.52,1,1.33,1.26,1.23,0.33,1.21,1.58,1.59,1.3,1.48
Rajasthan,Tonk,0.68,0.59,0.24,0.9,0.9,0.97,0.74,0.75,0.54,1.15,1.18,1.31,1.38,0.92,1.17,1.53,1.5,1.57,1.58,1.62,1.77,1.77
Rajasthan,Udaipur,0.36,0.84,0.72,1.02,0.97,1.03,0.81,0.84,0.69,1.14,0.96,0.89,0.98,0.92,0.62,0.92,0.88,1.12,0.56,1.02,1.05,0.97
Sikkim,Gangtok,0.79,0.72,0.77,0.63,2.11,0.77,0.8,0.76,0.88,0.91,0.87,0.86,0.86,0.88,0.89,0.92,0.92,0.92,0.92,0.92,0.87,0.92
Sikkim,Geyzing,0.76,0.75,0.72,0.76,0.76,0.78,0.86,0.71,0.76,0.79,0.83,0.87,0.88,0.88,0.91,0.91,0.92,0.93,0.92,0.92,2.26,0.95
Sikkim,Mangan,0.59,0.52,0.49,0.9,0.73,0.72,0.8,1.65,1.15,0.72,0.74,0.75,0.77,0.77,0.78,0.79,0.79,0.8,0.8,0.8,0.8,0.8
Sikkim,Namchi,0.71,0.74,0.76,0.78,0.44,1.42,0.93,0.82,0.84,0.85,0.85,0.89,0.94,0.94,0.96,0.96,0.96,0.96,0.96,0.96,0.96,0.97
Sikkim,Pakyong,,,,,,,,,,,,,,,,,,,,,1,0.93
Sikkim,Soreng,,,,,,,,,,,,,,,,,,,,,,0.9
Tamil Nadu,Ariyalur,,,,,,,,,1.76,2.83,3.79,2.29,3.78,3.8,3.93,3.3,3.61,3.67,3.45,3.2,4.06,3.76
Tamil Nadu,Chengalpattu,,,,,,,,,,,,,,,,,,,,3.76,4.26,4.99
Tamil Nadu,Chennai,,,,,,,,,,,,,,,,,,0,,0,,1.5
Tamil Nadu,Coimbatore,1.31,1.47,0.91,0.86,1.2,1.28,1.59,1.76,1.62,1.93,2.35,1.46,2.32,2.05,2.12,1.66,1.92,2.19,2.59,2.48,2.34,2.1
Tamil Nadu,Cuddalore,1.73,2.07,1.93,2.05,1.97,2.19,2.77,1.52,2.39,2.42,2.87,2.95,2.75,3.38,4.87,5.31,5.71,4.95,3.84,4.37,5,4.76
Tamil Nadu,Dharmapuri,1.48,1.63,0.95,1.27,1.54,1.81,1.91,2.13,1.74,1.85,2.9,2.04,2.39,2.67,2.39,1.37,2.92,1.89,3.99,2.03,3.77,2.77
Tamil Nadu,Dindigul,1.94,2.47,1.67,1.64,2.39,2.15,2.19,1.93,2.21,2.62,3.17,2.16,2.29,3.53,2.56,1.85,2.67,2.37,2.59,1.66,2.91,1.99
Tamil Nadu,Erode,1.32,1.45,1.07,1.14,1.53,1.47,1.38,1.44,1.27,1.43,1.19,1.18,1.53,1.48,1.5,0.71,2.01,1.67,1.66,1.84,2.02,1.58
Tamil Nadu,Kallakurichi,,,,,,,,,,,,,,,,,,,0.31,1.5,2.01,1.82
Tamil Nadu,Kanchipuram,2.29,3.06,2.44,2.4,2.35,2.93,4.06,2.95,4.13,4.37,3.77,3.47,3.39,3.13,2.88,3.08,3.55,3.87,4.34,3,2.65,2.7
Tamil Nadu,Kanniyakumari,1.32,1.4,0.92,1.18,1.21,0.5,1.58,1.64,1.45,1.8,2.2,1.9,2.86,2.6,2.57,1.93,3.4,2.21,2,2,2,2.2
Tamil Nadu,Karur,1.17,1.21,0.83,0.65,1.32,1.3,1.07,1.16,1.31,1.28,1.96,1.81,1.67,1.59,1.64,1.11,1.3,1.32,1.11,1.36,1.93,1.5
Tamil Nadu,Krishnagiri,,,,,1.41,1.16,1.15,2,1.7,2.24,2.74,1.87,2.32,1.92,1.97,1.7,2.74,2.89,2.94,3.15,2.44,2.5
Tamil Nadu,Madurai,1.22,1.38,1.22,1.21,1.22,1.38,1.82,1.53,1.2,1.54,1.61,1.57,1.65,1.66,1.46,1.93,2.74,2.25,2.73,2.8,2.85,2.59
Tamil Nadu,Mayiladuthurai,,,,,,,,,,,,,,,,,,,,3.37,2.83,3.37
Tamil Nadu,Nagapattinam,0.91,1.18,1.2,0.93,1.53,3.12,3.04,1.01,2.4,2.41,3.04,1.89,2.38,2.42,3.04,2.97,3.4,1.57,3.1,1.79,1.9,1.28
Tamil Nadu,Namakkal,1.64,1.96,1,1.3,1.02,1.5,1.67,1.58,1.49,2.17,2.29,1.2,1.91,2.02,1.66,0.61,2.25,1.41,2.13,1.52,2.07,1.97
Tamil Nadu,Perambalur,1.16,1.38,1.32,1.26,1.09,1.43,1.76,1.18,1.85,1.2,1.85,1.91,2.21,1.83,2.4,1.88,1.76,2.08,2.11,1.78,2.25,1.98
Tamil Nadu,Pudukkottai,1.17,1.45,1.05,1.26,1.4,1.92,1.73,1.14,1.64,1.54,2.06,1.87,1.74,2.73,2.84,2.06,2.66,2.02,2.63,1.97,2.4,1.88
Tamil Nadu,Ramanathapuram,0.72,1.26,1.02,0.37,1.88,0.86,1.11,0.58,1.14,1.13,1.2,0.99,0.61,1.68,1.12,0.32,0.78,0.67,1.78,1.45,0.87,0.32
Tamil Nadu,Ranipet,,,,,,,,,,,,,,,,,,,,2.54,2.65,2.95
Tamil Nadu,Sivaganga,1.57,1.62,1.58,1.35,1.38,1.79,1.21,0.75,0.88,1.17,2.64,2.4,1.76,1.32,1.49,1.34,2,1.64,2.22,2.51,2.17,2.12
Tamil Nadu,Thanjavur,0.96,1.18,1.11,1.25,1.27,1.51,1.62,0.93,2.01,2.48,2.26,2.15,1.91,1.72,2.63,2.31,2.92,2.78,3.44,2.85,2.38,1.84
Tamil Nadu,The nilgiris,0.98,1.25,1.91,0.6,0.4,,,,1.4,2,,,2.25,1,2.25,1.5,2.86,,0,,,
Tamil Nadu,Theni,1.45,1.13,0.81,1.06,2,1.49,1.76,1.54,1.6,1.54,1.86,3.1,1.57,2.04,2.28,1.6,1.52,2.51,2.23,1.94,2.58,2.35
Tamil Nadu,Thenkasi,,,,,,,,,,,,,,,,,,,0.33,1.46,1.88,1.5
Tamil Nadu,Thiruvallur,2.58,3.57,2.78,2.86,3.18,2.79,3.45,3.35,4.02,3.38,3.87,4.32,4.8,4.06,4.16,4.07,3.96,2.42,3.53,2.65,3.36,3.15
Tamil Nadu,Thiruvarur,1.13,0.86,1.11,1.1,1.4,1.38,1.73,1.77,2.18,4.32,4.75,2.68,4.06,4.37,5.15,3.08,3.83,3.99,3.78,2.4,1.98,1.02
Tamil Nadu,Thoothukudi,0.78,0.82,0.62,0.45,0.77,0.74,0.95,0.86,0.64,0.71,1.36,0.52,0.84,1.3,1.31,0.7,1.02,1.05,1.49,1.11,1.82,1.11
Tamil Nadu,Tiruchirappalli,1.28,1.82,1.65,1.61,1.56,1.66,2.03,1.78,1.64,1.68,2.2,2.19,2.12,2.03,1.97,1.15,2.49,2.58,1.93,2.16,1.5,1.63
Tamil Nadu,Tirunelveli,1.57,1.36,1.19,1.16,1.46,1.45,1.31,1.49,1.16,1.35,1.8,1.51,1.17,2.12,2.05,1.35,2.07,1.24,2.43,2.65,3.21,2.77
Tamil Nadu,Tirupathur,,,,,,,,,,,,,,,,,,,0.31,2.09,2.11,2.22
Tamil Nadu,Tiruppur,,,,,,,,,1.84,1.6,2.08,1.16,1.33,1.96,1.85,0.87,2.29,1.85,1.13,1.76,1.87,1.5
Tamil Nadu,Tiruvannamalai,1.45,1.6,1.04,1.24,1.15,1.37,1.8,2.12,1.79,1.83,2.68,2.09,2.4,2.34,1.72,1.66,3.07,2.66,2.83,2.13,2.2,2.25
Tamil Nadu,Vellore,1.93,1.75,1.13,1.23,1.27,1.44,1.64,1.85,1.89,2.24,2.22,2.08,2.53,2.69,3.02,2.35,2.6,2.52,2.72,2.73,2.69,2.75
Tamil Nadu,Villupuram,1.42,1.78,1.51,1.65,1.76,1.88,1.91,2.23,2.7,2.27,2.62,2.61,2.86,2.66,2.61,1.89,2.8,2.65,2.24,2.32,3.04,2.42
Tamil Nadu,Virudhunagar,1.09,0.97,0.42,0.42,0.85,1.06,1.33,0.99,0.55,0.81,1.36,0.84,1.27,1.52,1.77,0.79,0.94,1.27,1.24,1.44,1.18,0.96
Telangana,Adilabad,0.42,0.39,0.12,1.28,1.22,1.62,1.38,1,0.58,1.3,1.37,0.8,1.13,0.83,0.99,1.37,1.56,1.58,1.8,1.37,1.79,1.58
Telangana,Bhadradri,,,,,,,,,,,,,,,,1.87,2.63,2.27,2.4,2.98,2.49,3.44
Telangana,Jagitial,,,,,,,,,,,,,,,,1.43,0.82,0.68,0.83,0.97,0.88,0.93
Telangana,Jangoan,,,,,,,,,,,,,,,,1.19,1.64,1.46,1.69,1.3,1.26,1.9
Telangana,Jayashankar,,,,,,,,,,,,,,,,1.95,1.68,2.14,1.84,1.89,1.67,1.32
Telangana,Jogulamba,,,,,,,,,,,,,,,,1.52,2.07,2.19,2.32,1.75,2.06,1.93
Telangana,Kamareddy,,,,,,,,,,,,,,,,0.98,1.84,1.64,2.03,1.51,1.75,1.37
Telangana,Karimnagar,1.38,1.37,1.19,1.39,0.85,1.14,1.37,1.29,1.23,1.13,1.19,1.06,1.33,1.2,1.18,2.38,1.6,2.69,1.67,1.72,2.02,1.87
Telangana,Khammam,0.76,0.8,0.52,0.52,0.69,0.76,0.92,1,0.91,1.12,5.06,1.22,4.06,10.98,9.77,1.52,2.01,2.12,1.41,1.41,1.33,1.7
Telangana,Komaram bheem asifabad,,,,,,,,,,,,,,,,1.35,1.31,1.14,1.22,1.32,1.29,1.25
Telangana,Mahabubabad,,,,,,,,,,,,,,,,1.33,1.52,1.61,1.79,1.97,1.52,1.85
Telangana,Mahbubnagar,0.55,0.53,0.56,0.64,0.53,0.66,0.7,1.22,1.18,1.35,1,1.23,1.37,1.53,1.13,1.11,1.72,1.24,1.24,1.88,2.72,1.73
Telangana,Mancherial,,,,,,,,,,,,,,,,1.34,1.71,2.07,1.94,1.54,1.65,1.88
Telangana,Medak,0.69,0.81,0.71,0.96,0.74,0.92,0.95,1.42,0.94,1.07,0.98,1.43,1.21,1.14,0.99,1.23,1.47,1.82,1.77,1.6,1.56,1.88
Telangana,Medchal,,,,,,,,,,,,,,,,1.25,1.8,0.75,1.4,0.38,1.39,1.8
Telangana,Mulugu,,,,,,,,,,,,,,,,,,2.05,1.78,2.33,1.01,2.65
Telangana,Nagarkurnool,,,,,,,,,,,,,,,,2.16,2.27,2.42,2.14,2.52,2.14,2.51
Telangana,Nalgonda,0.44,0.46,0.33,0.52,0.48,0.47,0.52,0.7,1,0.74,0.72,1.2,1.2,1.36,1.24,1.42,1.93,1.74,1.78,1.55,2.34,2.31
Telangana,Narayanapet,,,,,,,,,,,,,,,,,,1.41,1.71,1.39,1.89,1.92
Telangana,Nirmal,,,,,,,,,,,,,,,,1.26,1.2,1.29,1.48,1.2,1.29,1.77
Telangana,Nizamabad,2,1.21,0.7,1,0.69,1.41,1.21,1.54,1.11,1.9,1.71,0.82,1.97,1.33,1.05,0.99,1.74,1.73,1.93,1.91,1.88,1.65
Telangana,Peddapalli,,,,,,,,,,,,,,,,1.48,1.35,0.92,0.84,1.77,1.35,1.18
Telangana,Rajanna,,,,,,,,,,,,,,,,1.73,1.52,1.59,1.3,1.18,1.22,1.43
Telangana,Sangareddy,,,,,,,,,,,,,,,,1.03,1.43,1.35,1.44,1.33,1.42,1.48
Telangana,Siddipet,,,,,,,,,,,,,,,,1.71,2.02,2.06,2.03,2.24,1.54,2.03
Telangana,Suryapet,,,,,,,,,,,,,,,,1.41,1.92,1.79,2.75,2.17,2.16,1.99
Telangana,Vikarabad,,,,,,,,,,,,,,,,1.5,1.9,2.23,2.52,1.8,2.07,1.7
Telangana,Wanaparthy,,,,,,,,,,,,,,,,1.99,1.92,2.72,2.65,1.84,2.43,2.76
Telangana,Warangal,0.85,0.82,0.7,0.95,0.9,1.01,1.01,1.11,1.21,1.47,1.77,1.88,1.62,1.62,1.56,3.16,3.27,3.15,3.26,2.3,2.17,2.82
Telangana,Warangal urban,,,,,,,,,,,,,,,,2.24,2.19,2.45,2.35,2.17,1,1.56
Telangana,Yadadri,,,,,,,,,,,,,,,,0.67,1.09,2.26,2.18,0.75,1.98,1.71
Tripura,Dhalai,,,0.75,,0.69,0.7,0.7,0.65,0.66,0.71,0.71,0.75,0.73,0.85,0.79,0.82,0.8,0.81,0.82,0.83,0.73,0.79
Tripura,Gomati,,,,,,,,,,,,0.73,0.74,0.81,0.8,0.83,0.78,0.76,0.76,0.76,0.74,0.83
Tripura,Khowai,,,,,,,,,,,,0.74,0.75,0.77,0.76,0.77,0.73,0.79,0.82,0.86,0.76,0.83
Tripura,North tripura,,,0.64,,0.68,0.75,0.73,0.73,0.67,0.72,0.72,0.7,0.78,0.73,0.72,0.75,0.75,0.72,0.76,0.77,0.72,0.77
Tripura,Sepahijala,,,,,,,,,,,,0.64,0.68,0.83,0.79,0.81,0.76,0.82,0.82,0.87,0.78,0.81
Tripura,South tripura,,,0.68,,0.69,0.7,0.72,0.7,0.79,0.75,0.78,0.87,0.83,0.84,0.8,0.87,0.83,0.87,0.94,0.98,0.87,0.96
Tripura,Unakoti,,,,,,,,,,,,0.78,0.73,0.75,0.75,0.79,0.79,0.89,0.85,0.84,0.81,0.88
Tripura,West tripura,,,0.71,,0.68,0.66,0.63,0.63,0.73,0.71,0.77,0.73,0.8,0.73,0.78,0.86,0.79,0.94,1.04,1.07,0.95,1.02
Uttar Pradesh,Aligarh,1.2,1.22,1.03,1.19,1.35,1.26,1.11,1.27,1.41,1.45,1.36,1.98,1.45,1,1.15,1.39,1.64,1.58,1.42,1.7,1.59,1.96
Uttar Pradesh,Allahabad,0.43,0.51,0.33,0.52,0.55,0.55,0.42,0.48,0.5,0.63,0.55,0.67,0.54,0.42,0.45,0.54,0.74,0.8,0.67,0.79,0.7,1.37
Uttar Pradesh,Ambedkar nagar,0.66,0.87,0.81,0.7,0.81,1.15,1.26,1.16,0.78,1.04,0.67,0.74,0.47,0.48,0.75,0.72,0.82,0.85,0.65,0.76,0.74,1.07
Uttar Pradesh,Amethi,,,,,,,,,,0.91,0.58,0.65,0.47,0.47,0.65,0.67,0.74,0.8,0.61,0.7,0.59,1.03
Uttar Pradesh,Amroha,0.95,1.09,0.9,0.68,1.26,0.99,0.89,1,0.95,1.08,1.08,1.39,1.22,1.04,1.31,0.99,1.34,1.38,1.33,1.28,1.39,1.43
Uttar Pradesh,Auraiya,1.22,1.19,1.18,1.1,1.03,1.17,1.03,1.4,1.29,1.48,1.36,1.36,1.02,0.78,1.17,1.5,1.52,1.79,1.37,1.63,0.96,1.8
Uttar Pradesh,Azamgarh,0.96,0.98,0.85,0.93,0.95,1.12,0.96,1.09,1.07,1.15,1.11,1.22,0.98,0.77,0.94,1.21,1.35,1.42,1.23,1.4,1.32,1.48
Uttar Pradesh,Baghpat,1.23,1.19,0.64,0.85,1.3,1.24,0.99,1.34,1.31,1.2,1.17,1.32,1.49,0.97,1.1,1.4,1.25,1.25,1.44,1.37,1.34,1.67
Uttar Pradesh,Bahraich,0.74,0.72,0.55,0.66,0.62,0.9,0.79,0.8,0.69,0.77,0.78,0.79,0.66,0.6,0.73,0.79,0.93,0.89,0.72,0.88,0.83,0.84
Uttar Pradesh,Ballia,0.99,1.01,0.84,0.93,0.96,1.16,1,1.03,1.12,1.17,1.11,1.18,1,0.84,1.01,1.2,1.32,1.41,1.14,1.4,1.33,1.49
Uttar Pradesh,Balrampur,0.73,0.63,0.59,0.62,0.73,0.95,0.97,0.84,0.65,0.82,0.74,0.82,0.87,0.71,0.83,0.77,0.91,0.82,0.71,0.81,0.78,1.14
Uttar Pradesh,Banda,0.43,0.43,0.36,0.43,0.35,0.39,0.34,0.25,0.23,0.27,0.2,0.28,0.2,0.24,0.28,0.38,0.55,0.5,0.55,0.55,0.37,0.52
Uttar Pradesh,Barabanki,0.86,0.85,0.79,0.77,0.79,1.13,1.2,1.1,0.77,1.01,0.65,0.73,0.45,0.44,0.76,0.71,0.82,0.85,0.65,0.76,0.76,1.07
Uttar Pradesh,Bareilly,0.69,0.76,0.65,0.74,0.66,0.8,0.71,0.78,0.72,0.72,0.72,0.78,0.67,0.48,0.69,0.84,1.54,1.48,0.61,0.88,0.88,1.1
Uttar Pradesh,Basti,0.97,0.77,0.58,0.55,0.95,1.1,0.99,1.11,1.06,1.11,1.08,1.19,0.96,0.74,0.99,1.04,1.05,1.07,0.78,0.99,1.29,1.47
Uttar Pradesh,Bijnor,1.1,0.89,0.73,0.79,1,1.14,1.12,0.9,0.89,1.05,1.06,1.25,1.24,0.98,1.13,1.22,0.8,1.32,1.38,1.02,0.94,1.19
Uttar Pradesh,Budaun,0.74,0.81,0.85,0.96,0.97,1.22,1.08,1.11,1.34,1.18,1.28,1.39,1.24,1.16,1.38,0.96,1.54,2.18,1.71,1.64,1.19,1.33
Uttar Pradesh,Bulandshahr,1.19,1.06,1.05,0.96,1.23,1.13,0.95,1.32,1.25,1.2,1.17,1.32,1.49,0.91,1.26,1.31,1.71,1.85,1.34,1.72,1.49,1.6
Uttar Pradesh,Chandauli,0.81,0.49,0.3,0.61,0.61,0.51,0.54,0.53,0.55,0.76,0.81,0.79,0.47,0.62,0.21,0.84,0.98,0.4,0.56,0.68,0.69,1.26
Uttar Pradesh,Chitrakoot,0.38,0.43,0.46,0.51,0.35,0.35,0.25,0.13,0.4,0.32,0.4,0.34,0.28,0.52,0.2,0.58,0.48,0.67,0.45,0.64,0.59,0.26
Uttar Pradesh,Deoria,0.82,0.82,0.76,1,0.65,0.54,0.8,0.74,0.71,1,0.88,1.09,1.13,0.81,0.57,0.85,1.04,0.75,0.58,0.9,0.86,1.11
Uttar Pradesh,Etah,1.22,1.15,0.98,1.16,1.23,1.43,1.03,1.38,1.69,1.47,1.55,1.77,1.57,1.41,1.31,1.41,1.89,1.99,1.74,2.18,1.87,2.42
Uttar Pradesh,Etawah,1.1,1.09,0.99,1.27,1.18,1.46,1.26,1.26,1.32,1.52,1.51,1.68,1.24,0.4,1.35,1.97,1.82,2.16,1.84,1.83,1.85,1.7
Uttar Pradesh,Faizabad,0.66,0.86,0.81,0.77,0.81,1.15,1.26,1.15,0.78,1.04,0.68,0.74,0.47,0.48,0.76,0.71,0.81,0.84,0.65,0.75,0.73,1.07
Uttar Pradesh,Farrukhabad,1.2,1.26,0.95,1.02,1.35,1.31,1.27,1.4,1.45,1.42,1.17,0.94,1.08,0.44,0.77,1.23,1.31,1.04,0.96,0.93,0.68,1.12
Uttar Pradesh,Fatehpur,0.6,0.73,0.62,0.53,0.61,0.67,0.49,0.63,0.67,0.64,0.66,0.7,0.53,0.41,0.33,0.78,0.88,0.76,0.71,0.88,0.86,0.85
Uttar Pradesh,Firozabad,1.24,1.1,1.01,1.1,1.19,1.31,1.21,1.47,1.2,1.25,1.29,1.39,1.37,1.07,1.17,1.5,1.47,1.64,1.55,1.87,1.9,2.22
Uttar Pradesh,Gautam buddha nagar,1.22,1.8,0.98,0.86,1.3,1.24,0.99,1.34,1.31,1.19,1.17,1.32,1.49,0.97,0.74,1.4,1.17,1.15,1.44,1.62,1.5,1.61
Uttar Pradesh,Ghaziabad,1.23,1.19,1.03,0.85,1.3,1.24,0.99,1.34,1.31,1.2,1.17,1.32,1.39,0.97,1.1,1.4,1.17,1.15,1.32,1.29,1.13,1.35
Uttar Pradesh,Ghazipur,0.75,0.91,0.75,0.82,0.88,0.98,0.88,0.98,0.97,1.12,1.26,1.14,0.96,0.82,0.46,1.62,1.08,0.55,0.43,0.91,0.79,1.49
Uttar Pradesh,Gonda,0.6,0.61,0.66,0.71,0.63,0.93,0.9,0.86,0.94,0.89,0.7,0.94,0.5,0.71,0.94,1.04,0.84,0.98,0.99,1.14,1.18,1.03
Uttar Pradesh,Gorakhpur,0.78,0.83,0.72,0.96,0.65,0.6,0.76,0.66,0.69,0.96,1.07,1.28,0.94,0.73,0.83,0.76,1.1,1.02,1,1.14,0.89,1.47
Uttar Pradesh,Hamirpur,0.34,0.43,0.43,0.45,0.4,0.4,0.28,0.22,0.19,0.23,0.33,0.38,0.27,0.27,0.29,0.58,0.51,0.45,0.36,0.48,0.51,0.45
Uttar Pradesh,Hapur,,,,,,,,,,,,1.32,1.49,1.19,1.43,1.21,1.17,1.4,1.76,1.76,2.22,1.65
Uttar Pradesh,Hardoi,0.52,0.61,0.57,0.52,0.67,0.53,0.61,0.75,0.6,0.52,0.54,0.62,0.63,0.45,0.79,0.95,0.94,0.88,0.93,0.89,0.95,0.97
Uttar Pradesh,Hathras,1.05,1.35,0.96,1.27,1.21,1.34,1.09,1.03,1.01,1.37,1.31,1.48,1.18,1.23,1.23,1.52,1.56,1.66,1.55,1.92,2.18,1.81
Uttar Pradesh,Jalaun,0.36,0.55,0.44,0.43,0.4,0.48,0.28,0.18,0.24,0.26,0.27,0.33,0.2,0.17,0.26,0.73,0.7,0.6,0.68,0.62,0.61,0.49
Uttar Pradesh,Jaunpur,0.84,0.9,0.79,0.86,0.84,1,0.85,0.99,1.03,1.07,1.25,0.62,0.86,0.76,0.37,1.67,1.02,0.5,0.31,0.8,0.77,1.44
Uttar Pradesh,Jhansi,0.81,0.85,0.41,0.55,0.69,0.38,0.46,0.32,0.19,0.49,0.51,0.39,0.35,0.46,0.45,0.38,0.47,0.36,0.22,0.53,0.49,0.48
Uttar Pradesh,Kannauj,1.24,1.05,1.04,1.1,1.22,1.25,1.15,1.12,1.08,1.09,1.12,1.11,0.96,0.78,1.04,1.15,1.72,1.36,1.27,1.5,1.57,1.49
Uttar Pradesh,Kanpur dehat,,,,1.36,1.17,1.31,0.94,1.34,0.99,1.33,1.26,1.34,0.91,0.57,0.89,1.51,1.59,1.82,1.48,1.58,1.44,1.6
Uttar Pradesh,Kanpur nagar,1.06,1.13,1.01,0.83,0.86,0.97,0.84,0.68,0.94,1.1,1.06,1.12,0.98,0.7,0.98,1.2,1,1.18,1.15,0.71,1.23,1.44
Uttar Pradesh,Kasganj,,,,,,,,,1.61,1.42,1.67,1.84,1.44,1.32,1.64,1.63,2.02,1.89,1.72,2.25,2.04,1.89
Uttar Pradesh,Kaushambi,0.5,0.69,0.62,0.48,0.53,0.66,0.35,0.53,0.56,0.53,0.73,0.65,0.52,0.3,0.5,0.74,0.86,0.91,0.59,0.95,0.79,1.07
Uttar Pradesh,Kheri,0.67,0.67,0.57,0.6,0.59,0.73,0.75,0.74,0.69,0.83,0.76,0.78,0.7,0.68,0.85,0.78,0.83,0.88,0.84,1.01,0.8,0.95
Uttar Pradesh,Lalitpur,0.58,0.58,0.16,0.78,0.46,0.37,0.49,0.42,0.66,0.74,0.75,0.84,0.49,0.65,0.26,0.6,0.57,0.71,0.55,0.75,0.49,0.65
Uttar Pradesh,Lucknow,0.65,0.54,0.6,0.55,0.63,0.67,0.66,0.74,0.71,0.77,0.74,0.85,0.47,0.4,0.73,0.91,1.03,0.87,0.47,0.96,1.14,0.77
Uttar Pradesh,Maharajganj,0.67,0.71,0.58,0.95,0.56,0.43,0.51,0.61,0.71,0.87,0.74,0.88,0.79,0.72,0.57,0.99,1.16,1.11,0.59,1.14,1.03,0.92
Uttar Pradesh,Mahoba,0.41,0.42,0.34,0.36,0.39,0.3,0.34,0.16,0.17,0.28,0.28,0.29,0.24,0.22,0.14,0.38,0.41,0.79,0.4,0.56,0.47,0.47
Uttar Pradesh,Mainpuri,1.2,1.18,1.15,1.04,1.2,1.22,1.23,1.55,1.52,1.51,1.46,1.48,1.54,1.75,1.61,1.96,1.88,1.74,1.87,2.1,1.75,1.82
Uttar Pradesh,Mathura,1.12,1.35,1.16,1.36,1.18,1.56,1.64,1.64,1.6,1.79,1.69,1.71,1.5,1.15,1.55,1.81,1.95,2.16,1.57,2.03,1.56,1.9
Uttar Pradesh,Mau,0.84,0.86,0.69,0.72,0.83,0.98,0.75,0.9,0.79,1.03,1.02,1.02,0.92,0.83,0.85,1,1.12,1.11,1.02,1.26,1.19,1.24
Uttar Pradesh,Meerut,1.22,1.19,1.03,0.86,1.3,1.24,0.99,1.34,1.31,1.19,1.17,1.32,1.49,0.97,1.07,1.4,1.42,1.4,1.43,1.53,1.39,1.64
Uttar Pradesh,Mirzapur,0.46,0.49,0.81,0.63,0.58,0.39,0.74,0.5,0.64,0.69,0.82,0.77,0.68,0.55,0.34,0.47,0.93,0.75,0.65,0.78,0.68,0.74
Uttar Pradesh,Moradabad,0.92,0.98,0.87,0.93,0.92,1.21,1.01,1.08,1,1.06,1.07,1.24,1.14,0.6,0.99,1.17,1.25,1.19,1.29,1.36,1.18,1.56
Uttar Pradesh,Muzaffarnagar,1,1.01,0.9,0.99,0.99,1.15,1.03,1.15,1.11,1.19,1.02,1.11,0.91,0.6,0.99,1.23,1.41,1.4,1.27,1.49,1.15,1.49
Uttar Pradesh,Pilibhit,0.63,0.74,0.55,0.65,0.61,0.66,0.76,0.71,0.71,0.75,0.75,1.03,0.82,0.63,0.77,0.78,0.84,0.83,0.81,0.94,0.81,1.17
Uttar Pradesh,Pratapgarh,0.58,0.71,0.61,0.54,0.58,0.71,0.49,0.62,0.61,0.76,0.78,0.8,0.68,0.34,0.52,0.92,1.16,1.06,0.78,1.05,0.93,1.33
Uttar Pradesh,Rae bareli,0.62,0.81,0.76,0.61,0.79,0.56,0.65,0.98,0.59,0.65,0.66,0.77,0.55,0.47,0.45,0.62,0.69,0.58,0.61,0.52,0.59,0.72
Uttar Pradesh,Rampur,0.89,1.21,0.84,1.34,1.44,1.3,1.04,1.34,1.12,1.12,1.21,1.12,1.11,0.69,0.83,1.35,1.01,1.13,1.17,1.42,1.39,1.42
Uttar Pradesh,Saharanpur,1.17,1.17,0.95,0.87,0.87,1.07,0.88,0.81,1.02,1.17,1.17,1.07,0.99,0.91,1.09,1,1.16,1.11,1.12,1.04,0.99,1.09
Uttar Pradesh,Sambhal,,,,,,,,,,,,1.36,1.27,0.84,1.15,1.31,1.42,1.41,1.57,1.45,1.27,1.52
Uttar Pradesh,Sant ravidas nagar,0.19,0.24,0.22,0.31,0.26,0.25,0.35,0.22,0.28,0.33,0.4,0.32,0.43,0.34,0.28,0.46,0.37,0.45,0.4,0.94,0.48,0.69
Uttar Pradesh,Shahjahanpur,0.48,0.64,0.48,0.42,0.56,0.52,0.74,0.57,0.67,0.66,0.67,0.68,0.71,0.53,0.47,0.68,0.89,1.16,0.89,1.03,0.77,1.05
Uttar Pradesh,Shamli,,,,,,,,,,,,1.09,0.89,0.59,0.97,0.97,1.59,1.73,1.65,1.76,1.65,1.77
Uttar Pradesh,Shravasti,0.6,0.61,0.53,0.58,0.6,0.69,0.81,0.64,0.67,0.58,0.38,0.56,0.67,0.56,0.64,0.68,0.66,0.66,0.64,0.64,0.54,0.81
Uttar Pradesh,Siddharth nagar,0.99,0.76,0.59,0.56,0.92,1.06,0.92,1.15,0.9,0.99,0.92,0.99,0.84,0.72,0.67,0.92,0.95,0.96,0.79,0.89,1.14,1.16
Uttar Pradesh,Sitapur,0.49,0.56,0.45,0.43,0.44,0.43,0.64,0.66,0.66,0.72,0.59,0.72,0.58,0.59,0.83,0.77,0.78,0.66,0.7,0.83,0.91,1.05
Uttar Pradesh,Sonbhadra,0.29,0.27,0.34,0.36,0.28,0.25,0.32,0.26,0.33,0.37,0.42,0.45,0.5,0.43,0.25,0.39,0.45,0.45,0.51,0.59,0.56,0.74
Uttar Pradesh,Sultanpur,0.59,0.81,0.77,0.72,0.76,1.11,1.14,1.04,0.7,0.91,0.67,0.69,0.43,0.46,0.65,0.68,0.78,0.8,0.62,0.72,0.67,1
Uttar Pradesh,Unnao,0.69,0.78,0.65,0.53,0.67,0.74,0.66,0.87,0.74,0.5,0.57,0.6,0.55,0.43,0.43,0.57,0.72,0.81,0.74,0.78,0.57,0.79
Uttar Pradesh,Varanasi,0.57,0.93,0.78,0.9,0.76,1.01,0.95,0.8,1,0.83,0.89,0.83,0.62,0.59,0.31,1.56,0.87,0.47,0.29,0.65,0.59,1.06
Uttarakhand,Almora,0.41,0.44,0.39,0.8,0.63,0.51,0.53,0.62,0.76,0.82,0.95,0.83,0.92,0.57,0.7,0.52,0.82,0.81,0.91,0.74,0.9,0.82
Uttarakhand,Bageshwar,0.58,0.57,0.52,0.79,0.75,0.48,0.3,0.43,0.58,0.8,1.04,0.58,0.52,0.47,0.44,0.58,0.85,0.84,0.77,0.78,0.72,0.85
Uttarakhand,Chamoli,0.51,0.5,0.45,0.92,0.64,0.45,0.6,0.63,0.67,0.66,0.7,0.72,0.73,0.81,0.93,0.85,0.69,0.97,0.97,0.96,0.66,0.82
Uttarakhand,Champawat,0.56,0.62,0.53,1.31,0.68,0.5,0.5,0.78,0.78,0.79,0.83,0.91,0.9,0.75,0.89,1,1.01,1.15,1.07,0.87,1.05,0.98
Uttarakhand,Dehradun,0.58,0.56,0.54,0.8,0.78,0.71,0.59,0.42,0.46,0.6,0.99,0.55,0.54,0.59,0.62,0.62,0.8,0.9,0.76,0.58,0.89,0.97
Uttarakhand,Haridwar,0.74,0.71,0.68,0.86,0.95,0.81,0.92,0.79,1.08,0.85,0.93,0.9,0.91,0.88,0.94,0.89,1,0.85,0.79,1.09,1.07,1.11
Uttarakhand,Nainital,0.71,0.68,0.68,0.93,1.3,1.18,1.43,1.39,1.85,1.8,1.86,2.56,1.76,1.57,1.55,1.35,1.38,1.07,1.03,1.15,1.49,1.28
Uttarakhand,Pauri garhwal,0.43,0.46,0.4,0.73,0.76,0.42,0.47,0.54,0.44,0.58,0.45,0.54,0.54,0.48,0.6,0.74,0.37,0.76,0.82,0.63,0.56,0.56
Uttarakhand,Pithoragarh,0.62,0.62,0.56,1.17,1.07,1.39,1.03,0.99,0.99,0.92,0.89,1.01,1.07,0.85,0.89,1.12,1.14,1.04,1.07,0.96,0.89,1.03
Uttarakhand,Tehri garhwal,0.36,0.34,0.27,0.59,0.61,0.43,0.33,0.62,0.47,0.57,0.59,0.59,0.59,0.49,0.71,0.67,0.52,0.67,0.88,0.62,0.66,0.62
West Bengal,Alipurduar,,,,,,,,,,,,,,,,0.82,0.6,0.68,0.86,0.8,1.01,0.78
West Bengal,Bankura,0.77,0.73,0.77,0.72,0.58,0.73,0.63,0.75,0.66,0.78,0.85,0.95,0.81,0.86,0.81,0.89,0.88,0.82,0.67,0.79,0.87,0.98
West Bengal,Birbhum,1.13,0.99,1,1.09,0.78,0.93,1.01,1.13,0.99,0.88,0.87,0.9,0.99,0.83,0.86,0.88,0.98,0.9,1.03,1.01,0.91,1.05
West Bengal,Coochbehar,0.61,0.52,0.45,0.54,0.45,0.54,0.53,0.46,0.52,0.57,0.5,0.45,0.71,0.56,0.58,0.7,0.78,0.79,0.75,0.88,1.05,0.76
West Bengal,Darjeeling,0.55,0.59,0.59,0.52,0.55,0.53,0.56,0.51,0.9,0.63,0.63,0.69,0.66,0.56,0.62,0.66,0.64,0.64,1.01,0.74,0.81,0.74
West Bengal,Dinajpur dakshin,0.93,0.76,0.6,0.91,0.82,0.75,0.56,0.61,0.82,1.01,0.9,1.17,1.08,1.03,1.2,1.19,1.5,1.79,1.64,1.89,1.43,1.49
West Bengal,Dinajpur uttar,0.71,0.64,0.51,0.76,0.61,0.69,0.55,0.72,0.93,0.82,0.78,0.86,0.77,0.91,0.9,0.8,1.33,1.19,1.2,1.28,1.44,1.45
West Bengal,Hooghly,0.94,0.82,0.84,1.05,1.04,1.17,1.13,1.08,1.07,1.13,1.17,1.27,1.24,1.22,1.35,1.28,1.43,1.41,0.93,1.11,1.37,1.61
West Bengal,Howrah,0.8,0.83,1.12,1.03,0.82,1.28,1.38,1.48,1.21,1.32,1.6,2.28,2.25,1.72,1.91,1.74,1.65,1.87,0.67,1.39,2.14,2.02
West Bengal,Jalpaiguri,0.61,0.56,0.56,0.62,0.63,0.64,0.57,0.83,0.64,0.97,0.85,0.99,1.01,1.03,0.97,1.21,1.27,1.34,1.35,1.45,1.48,1.56
West Bengal,Jhargram,,,,,,,,,,,,,,,,1.19,1.25,1.32,1.11,1.08,1.14,1.17
West Bengal,Kalimpong,,,,,,,,,,,,,,,,0.59,1,0.49,0.65,0.74,0.89,1.4
West Bengal,Maldah,1.07,1.04,0.74,0.95,0.85,1.08,1.01,1.05,1.17,1.04,1.12,1.06,1.08,1.18,1.09,1.15,1.27,1.56,1.35,1.39,1.62,1.84
West Bengal,Medinipur east,1.21,1.36,1.53,1.76,1.52,1.66,1.73,1.77,1.4,1.36,2.88,2.03,2.08,2.77,2.89,3.13,4.05,4.06,3,2.99,3.24,4.2
West Bengal,Medinipur west,1.11,0.9,0.86,0.98,0.91,0.94,1.03,1.19,0.97,1.09,0.92,1.02,1,0.9,1.08,0.97,1.06,0.98,0.73,0.83,1.17,1.29
West Bengal,Murshidabad,1.01,0.85,0.82,1.04,0.86,1.05,0.93,0.96,1.31,1.05,0.99,1.03,1.08,1.13,1.1,1.23,1.23,1.14,1.06,1.16,1.24,1.14
West Bengal,Nadia,0.92,0.74,0.96,1,0.85,0.97,0.96,0.98,1.1,1.08,1.03,1.23,1.24,1.25,1.23,1.19,1.08,1.18,0.93,1.07,1.05,1.19
West Bengal,Paschim bardhaman,,,,,,,,,,,,,,,,0.88,0.96,0.87,0.95,0.9,0.91,0.92
West Bengal,Purba bardhaman,1.04,0.77,0.89,0.93,0.73,1,0.83,0.85,0.85,0.95,0.96,1.16,1.04,1.01,0.93,1.01,1.07,1.07,0.91,0.99,0.93,1
West Bengal,Purulia,0.55,0.47,0.49,0.59,0.6,0.59,0.52,0.52,1.42,0.69,0.64,0.66,0.86,0.75,0.67,0.78,0.86,0.9,0.87,0.96,1.11,1.13